Workbook

Sheet Dashboard
A1: COMMERCIAL PERFORMANCE DASHBOARD
A2: Use the dropdown to filter by district. All charts update automatically.
A4: SELECT DISTRICT: | B4: ACCRA NORTHEAST | C4: TIME PERIOD: | D4: 2026 YTD
A82: DATA BLOCK (driven by selector — do not edit)
A83: Month | B83: =DATE(2024,1,1) -> 45292 | C83: =EDATE(B83,1) -> 45323 | D83: =EDATE(C83,1) -> 45352 | E83: =EDATE(D83,1) -> 45383 | F83: =EDATE(E83,1) -> 45413 | G83: =EDATE(F83,1) -> 45444 | H83: =EDATE(G83,1) -> 45474 | I83: =EDATE(H83,1) -> 45505 | J83: =EDATE(I83,1) -> 45536 | ... AW83: =EDATE(AV83,1) -> 46722
A84: Sales (m³) | B84: =IFERROR(IF($B$4="ALL",INDEX('Billing & Collection'!$9:$9,MATCH(B$83,'Billing & Collection'!$4:$4,0)),INDEX('Billing & Collection'!$5:$8,MATCH($B$4,'Billing & Collection'!$A$5:$A$8,0),MATCH(B$83,'Billing & Collection'!$4:$4,0))),NA()) -> 412173 | C84: =IFERROR(IF($B$4="ALL",INDEX('Billing & Collection'!$9:$9,MATCH(C$83,'Billing & Collection'!$4:$4,0)),INDEX('Billing & Collection'!$5:$8,MATCH($B$4,'Billing & Collection'!$A$5:$A$8,0),MATCH(C$83,'Billing & Collection'!$4:$4,0))),NA()) -> 398334 | D84: =IFERROR(IF($B$4="ALL",INDEX('Billing & Collection'!$9:$9,MATCH(D$83,'Billing & Collection'!$4:$4,0)),INDEX('Billing & Collection'!$5:$8,MATCH($B$4,'Billing & Collection'!$A$5:$A$8,0),MATCH(D$83,'Billing & Collection'!$4:$4,0))),NA()) -> 381159 | E84: =IFERROR(IF($B$4="ALL",INDEX('Billing & Collection'!$9:$9,MATCH(E$83,'Billing & Collection'!$4:$4,0)),INDEX('Billing & Collection'!$5:$8,MATCH($B$4,'Billing & Collection'!$A$5:$A$8,0),MATCH(E$83,'Billing & Collection'!$4:$4,0))),NA()) -> 415800 | F84: =IFERROR(IF($B$4="ALL",INDEX('Billing & Collection'!$9:$9,MATCH(F$83,'Billing & Collection'!$4:$4,0)),INDEX('Billing & Collection'!$5:$8,MATCH($B$4,'Billing & Collection'!$A$5:$A$8,0),MATCH(F$83,'Billing & Collection'!$4:$4,0))),NA()) -> 367747 | G84: =IFERROR(IF($B$4="ALL",INDEX('Billing & Collection'!$9:$9,MATCH(G$83,'Billing & Collection'!$4:$4,0)),INDEX('Billing & Collection'!$5:$8,MATCH($B$4,'Billing & Collection'!$A$5:$A$8,0),MATCH(G$83,'Billing & Collection'!$4:$4,0))),NA()) -> 382986 | H84: =IFERROR(IF($B$4="ALL",INDEX('Billing & Collection'!$9:$9,MATCH(H$83,'Billing & Collection'!$4:$4,0)),INDEX('Billing & Collection'!$5:$8,MATCH($B$4,'Billing & Collection'!$A$5:$A$8,0),MATCH(H$83,'Billing & Collection'!$4:$4,0))),NA()) -> 374590 | I84: =IFERROR(IF($B$4="ALL",INDEX('Billing & Collection'!$9:$9,MATCH(I$83,'Billing & Collection'!$4:$4,0)),INDEX('Billing & Collection'!$5:$8,MATCH($B$4,'Billing & Collection'!$A$5:$A$8,0),MATCH(I$83,'Billing & Collection'!$4:$4,0))),NA()) -> 392853 | ... AW84: =IFERROR(IF($B$4="ALL",INDEX('Billing & Collection'!$9:$9,MATCH(AW$83,'Billing & Collection'!$4:$4,0)),INDEX('Billing & Collection'!$5:$8,MATCH($B$4,'Billing & Collection'!$A$5:$A$8,0),MATCH(AW$83,'Billing & Collection'!$4:$4,0))),NA()) -> #N/A
A85: Billing (GHS) | B85: =IFERROR(IF($B$4="ALL",INDEX('Billing & Collection'!$17:$17,MATCH(B$83,'Billing & Collection'!$4:$4,0)),INDEX('Billing & Collection'!$13:$16,MATCH($B$4,'Billing & Collection'!$A$13:$A$16,0),MATCH(B$83,'Billing & Collection'!$4:$4,0))),NA()) -> 4476806 | C85: =IFERROR(IF($B$4="ALL",INDEX('Billing & Collection'!$17:$17,MATCH(C$83,'Billing & Collection'!$4:$4,0)),INDEX('Billing & Collection'!$13:$16,MATCH($B$4,'Billing & Collection'!$A$13:$A$16,0),MATCH(C$83,'Billing & Collection'!$4:$4,0))),NA()) -> 4277321 | D85: =IFERROR(IF($B$4="ALL",INDEX('Billing & Collection'!$17:$17,MATCH(D$83,'Billing & Collection'!$4:$4,0)),INDEX('Billing & Collection'!$13:$16,MATCH($B$4,'Billing & Collection'!$A$13:$A$16,0),MATCH(D$83,'Billing & Collection'!$4:$4,0))),NA()) -> 4083691.3 | E85: =IFERROR(IF($B$4="ALL",INDEX('Billing & Collection'!$17:$17,MATCH(E$83,'Billing & Collection'!$4:$4,0)),INDEX('Billing & Collection'!$13:$16,MATCH($B$4,'Billing & Collection'!$A$13:$A$16,0),MATCH(E$83,'Billing & Collection'!$4:$4,0))),NA()) -> 4527187.5 | F85: =IFERROR(IF($B$4="ALL",INDEX('Billing & Collection'!$17:$17,MATCH(F$83,'Billing & Collection'!$4:$4,0)),INDEX('Billing & Collection'!$13:$16,MATCH($B$4,'Billing & Collection'!$A$13:$A$16,0),MATCH(F$83,'Billing & Collection'!$4:$4,0))),NA()) -> 3944031.1 | G85: =IFERROR(IF($B$4="ALL",INDEX('Billing & Collection'!$17:$17,MATCH(G$83,'Billing & Collection'!$4:$4,0)),INDEX('Billing & Collection'!$13:$16,MATCH($B$4,'Billing & Collection'!$A$13:$A$16,0),MATCH(G$83,'Billing & Collection'!$4:$4,0))),NA()) -> 4084479 | H85: =IFERROR(IF($B$4="ALL",INDEX('Billing & Collection'!$17:$17,MATCH(H$83,'Billing & Collection'!$4:$4,0)),INDEX('Billing & Collection'!$13:$16,MATCH($B$4,'Billing & Collection'!$A$13:$A$16,0),MATCH(H$83,'Billing & Collection'!$4:$4,0))),NA()) -> 4227661.9 | I85: =IFERROR(IF($B$4="ALL",INDEX('Billing & Collection'!$17:$17,MATCH(I$83,'Billing & Collection'!$4:$4,0)),INDEX('Billing & Collection'!$13:$16,MATCH($B$4,'Billing & Collection'!$A$13:$A$16,0),MATCH(I$83,'Billing & Collection'!$4:$4,0))),NA()) -> 4435892.6 | ... AW85: =IFERROR(IF($B$4="ALL",INDEX('Billing & Collection'!$17:$17,MATCH(AW$83,'Billing & Collection'!$4:$4,0)),INDEX('Billing & Collection'!$13:$16,MATCH($B$4,'Billing & Collection'!$A$13:$A$16,0),MATCH(AW$83,'Billing & Collection'!$4:$4,0))),NA()) -> #N/A
A86: Collection (GHS) | B86: =IFERROR(IF($B$4="ALL",INDEX('Billing & Collection'!$25:$25,MATCH(B$83,'Billing & Collection'!$4:$4,0)),INDEX('Billing & Collection'!$21:$24,MATCH($B$4,'Billing & Collection'!$A$21:$A$24,0),MATCH(B$83,'Billing & Collection'!$4:$4,0))),NA()) -> 4320463.5 | C86: =IFERROR(IF($B$4="ALL",INDEX('Billing & Collection'!$25:$25,MATCH(C$83,'Billing & Collection'!$4:$4,0)),INDEX('Billing & Collection'!$21:$24,MATCH($B$4,'Billing & Collection'!$A$21:$A$24,0),MATCH(C$83,'Billing & Collection'!$4:$4,0))),NA()) -> 4033174.2 | D86: =IFERROR(IF($B$4="ALL",INDEX('Billing & Collection'!$25:$25,MATCH(D$83,'Billing & Collection'!$4:$4,0)),INDEX('Billing & Collection'!$21:$24,MATCH($B$4,'Billing & Collection'!$A$21:$A$24,0),MATCH(D$83,'Billing & Collection'!$4:$4,0))),NA()) -> 4022788.8 | E86: =IFERROR(IF($B$4="ALL",INDEX('Billing & Collection'!$25:$25,MATCH(E$83,'Billing & Collection'!$4:$4,0)),INDEX('Billing & Collection'!$21:$24,MATCH($B$4,'Billing & Collection'!$A$21:$A$24,0),MATCH(E$83,'Billing & Collection'!$4:$4,0))),NA()) -> 19660860 | F86: =IFERROR(IF($B$4="ALL",INDEX('Billing & Collection'!$25:$25,MATCH(F$83,'Billing & Collection'!$4:$4,0)),INDEX('Billing & Collection'!$21:$24,MATCH($B$4,'Billing & Collection'!$A$21:$A$24,0),MATCH(F$83,'Billing & Collection'!$4:$4,0))),NA()) -> 4392258.4 | G86: =IFERROR(IF($B$4="ALL",INDEX('Billing & Collection'!$25:$25,MATCH(G$83,'Billing & Collection'!$4:$4,0)),INDEX('Billing & Collection'!$21:$24,MATCH($B$4,'Billing & Collection'!$A$21:$A$24,0),MATCH(G$83,'Billing & Collection'!$4:$4,0))),NA()) -> 3764467.2 | H86: =IFERROR(IF($B$4="ALL",INDEX('Billing & Collection'!$25:$25,MATCH(H$83,'Billing & Collection'!$4:$4,0)),INDEX('Billing & Collection'!$21:$24,MATCH($B$4,'Billing & Collection'!$A$21:$A$24,0),MATCH(H$83,'Billing & Collection'!$4:$4,0))),NA()) -> 3953300.4 | I86: =IFERROR(IF($B$4="ALL",INDEX('Billing & Collection'!$25:$25,MATCH(I$83,'Billing & Collection'!$4:$4,0)),INDEX('Billing & Collection'!$21:$24,MATCH($B$4,'Billing & Collection'!$A$21:$A$24,0),MATCH(I$83,'Billing & Collection'!$4:$4,0))),NA()) -> 3992082.3 | ... AW86: =IFERROR(IF($B$4="ALL",INDEX('Billing & Collection'!$25:$25,MATCH(AW$83,'Billing & Collection'!$4:$4,0)),INDEX('Billing & Collection'!$21:$24,MATCH($B$4,'Billing & Collection'!$A$21:$A$24,0),MATCH(AW$83,'Billing & Collection'!$4:$4,0))),NA()) -> #N/A
A87: Collection Ratio (%) | B87: =IFERROR(IF($B$4="ALL",INDEX('Billing & Collection'!$33:$33,MATCH(B$83,'Billing & Collection'!$4:$4,0)),INDEX('Billing & Collection'!$29:$32,MATCH($B$4,'Billing & Collection'!$A$29:$A$32,0),MATCH(B$83,'Billing & Collection'!$4:$4,0)))/100,NA()) -> 0.96507723 | C87: =IFERROR(IF($B$4="ALL",INDEX('Billing & Collection'!$33:$33,MATCH(C$83,'Billing & Collection'!$4:$4,0)),INDEX('Billing & Collection'!$29:$32,MATCH($B$4,'Billing & Collection'!$A$29:$A$32,0),MATCH(C$83,'Billing & Collection'!$4:$4,0)))/100,NA()) -> 0.94292063 | D87: =IFERROR(IF($B$4="ALL",INDEX('Billing & Collection'!$33:$33,MATCH(D$83,'Billing & Collection'!$4:$4,0)),INDEX('Billing & Collection'!$29:$32,MATCH($B$4,'Billing & Collection'!$A$29:$A$32,0),MATCH(D$83,'Billing & Collection'!$4:$4,0)))/100,NA()) -> 0.9850864 | E87: =IFERROR(IF($B$4="ALL",INDEX('Billing & Collection'!$33:$33,MATCH(E$83,'Billing & Collection'!$4:$4,0)),INDEX('Billing & Collection'!$29:$32,MATCH($B$4,'Billing & Collection'!$A$29:$A$32,0),MATCH(E$83,'Billing & Collection'!$4:$4,0)))/100,NA()) -> 4.3428419 | F87: =IFERROR(IF($B$4="ALL",INDEX('Billing & Collection'!$33:$33,MATCH(F$83,'Billing & Collection'!$4:$4,0)),INDEX('Billing & Collection'!$29:$32,MATCH($B$4,'Billing & Collection'!$A$29:$A$32,0),MATCH(F$83,'Billing & Collection'!$4:$4,0)))/100,NA()) -> 1.113647 | G87: =IFERROR(IF($B$4="ALL",INDEX('Billing & Collection'!$33:$33,MATCH(G$83,'Billing & Collection'!$4:$4,0)),INDEX('Billing & Collection'!$29:$32,MATCH($B$4,'Billing & Collection'!$A$29:$A$32,0),MATCH(G$83,'Billing & Collection'!$4:$4,0)))/100,NA()) -> 0.92165174 | H87: =IFERROR(IF($B$4="ALL",INDEX('Billing & Collection'!$33:$33,MATCH(H$83,'Billing & Collection'!$4:$4,0)),INDEX('Billing & Collection'!$29:$32,MATCH($B$4,'Billing & Collection'!$A$29:$A$32,0),MATCH(H$83,'Billing & Collection'!$4:$4,0)))/100,NA()) -> 0.93510324 | I87: =IFERROR(IF($B$4="ALL",INDEX('Billing & Collection'!$33:$33,MATCH(I$83,'Billing & Collection'!$4:$4,0)),INDEX('Billing & Collection'!$29:$32,MATCH($B$4,'Billing & Collection'!$A$29:$A$32,0),MATCH(I$83,'Billing & Collection'!$4:$4,0)))/100,NA()) -> 0.89995016 | ... AW87: =IFERROR(IF($B$4="ALL",INDEX('Billing & Collection'!$33:$33,MATCH(AW$83,'Billing & Collection'!$4:$4,0)),INDEX('Billing & Collection'!$29:$32,MATCH($B$4,'Billing & Collection'!$A$29:$A$32,0),MATCH(AW$83,'Billing & Collection'!$4:$4,0)))/100,NA()) -> #N/A
A88: Arrears (GHS) | B88: =IFERROR(IF($B$4="ALL",INDEX('Billing & Collection'!$41:$41,MATCH(B$83,'Billing & Collection'!$4:$4,0)),INDEX('Billing & Collection'!$37:$40,MATCH($B$4,'Billing & Collection'!$A$37:$A$40,0),MATCH(B$83,'Billing & Collection'!$4:$4,0))),NA()) -> 39239075 | C88: =IFERROR(IF($B$4="ALL",INDEX('Billing & Collection'!$41:$41,MATCH(C$83,'Billing & Collection'!$4:$4,0)),INDEX('Billing & Collection'!$37:$40,MATCH($B$4,'Billing & Collection'!$A$37:$A$40,0),MATCH(C$83,'Billing & Collection'!$4:$4,0))),NA()) -> 39490971 | D88: =IFERROR(IF($B$4="ALL",INDEX('Billing & Collection'!$41:$41,MATCH(D$83,'Billing & Collection'!$4:$4,0)),INDEX('Billing & Collection'!$37:$40,MATCH($B$4,'Billing & Collection'!$A$37:$A$40,0),MATCH(D$83,'Billing & Collection'!$4:$4,0))),NA()) -> 39579858 | E88: =IFERROR(IF($B$4="ALL",INDEX('Billing & Collection'!$41:$41,MATCH(E$83,'Billing & Collection'!$4:$4,0)),INDEX('Billing & Collection'!$37:$40,MATCH($B$4,'Billing & Collection'!$A$37:$A$40,0),MATCH(E$83,'Billing & Collection'!$4:$4,0))),NA()) -> 24407551 | F88: =IFERROR(IF($B$4="ALL",INDEX('Billing & Collection'!$41:$41,MATCH(F$83,'Billing & Collection'!$4:$4,0)),INDEX('Billing & Collection'!$37:$40,MATCH($B$4,'Billing & Collection'!$A$37:$A$40,0),MATCH(F$83,'Billing & Collection'!$4:$4,0))),NA()) -> 23877268 | G88: =IFERROR(IF($B$4="ALL",INDEX('Billing & Collection'!$41:$41,MATCH(G$83,'Billing & Collection'!$4:$4,0)),INDEX('Billing & Collection'!$37:$40,MATCH($B$4,'Billing & Collection'!$A$37:$A$40,0),MATCH(G$83,'Billing & Collection'!$4:$4,0))),NA()) -> 24197337 | H88: =IFERROR(IF($B$4="ALL",INDEX('Billing & Collection'!$41:$41,MATCH(H$83,'Billing & Collection'!$4:$4,0)),INDEX('Billing & Collection'!$37:$40,MATCH($B$4,'Billing & Collection'!$A$37:$A$40,0),MATCH(H$83,'Billing & Collection'!$4:$4,0))),NA()) -> 24440418 | I88: =IFERROR(IF($B$4="ALL",INDEX('Billing & Collection'!$41:$41,MATCH(I$83,'Billing & Collection'!$4:$4,0)),INDEX('Billing & Collection'!$37:$40,MATCH($B$4,'Billing & Collection'!$A$37:$A$40,0),MATCH(I$83,'Billing & Collection'!$4:$4,0))),NA()) -> 24860111 | ... AW88: =IFERROR(IF($B$4="ALL",INDEX('Billing & Collection'!$41:$41,MATCH(AW$83,'Billing & Collection'!$4:$4,0)),INDEX('Billing & Collection'!$37:$40,MATCH($B$4,'Billing & Collection'!$A$37:$A$40,0),MATCH(AW$83,'Billing & Collection'!$4:$4,0))),NA()) -> #N/A
A89: NRW (%) | B89: =IFERROR(IF($B$4="ALL",INDEX(NRW!$32:$32,MATCH(B$83,NRW!$27:$27,0)),INDEX(NRW!$28:$31,MATCH($B$4,NRW!$A$28:$A$31,0),MATCH(B$83,NRW!$27:$27,0))),NA()) -> 0.43949537 | C89: =IFERROR(IF($B$4="ALL",INDEX(NRW!$32:$32,MATCH(C$83,NRW!$27:$27,0)),INDEX(NRW!$28:$31,MATCH($B$4,NRW!$A$28:$A$31,0),MATCH(C$83,NRW!$27:$27,0))),NA()) -> 0.44146085 | D89: =IFERROR(IF($B$4="ALL",INDEX(NRW!$32:$32,MATCH(D$83,NRW!$27:$27,0)),INDEX(NRW!$28:$31,MATCH($B$4,NRW!$A$28:$A$31,0),MATCH(D$83,NRW!$27:$27,0))),NA()) -> 0.50287104 | E89: =IFERROR(IF($B$4="ALL",INDEX(NRW!$32:$32,MATCH(E$83,NRW!$27:$27,0)),INDEX(NRW!$28:$31,MATCH($B$4,NRW!$A$28:$A$31,0),MATCH(E$83,NRW!$27:$27,0))),NA()) -> 0.44121393 | F89: =IFERROR(IF($B$4="ALL",INDEX(NRW!$32:$32,MATCH(F$83,NRW!$27:$27,0)),INDEX(NRW!$28:$31,MATCH($B$4,NRW!$A$28:$A$31,0),MATCH(F$83,NRW!$27:$27,0))),NA()) -> 0.48726963 | G89: =IFERROR(IF($B$4="ALL",INDEX(NRW!$32:$32,MATCH(G$83,NRW!$27:$27,0)),INDEX(NRW!$28:$31,MATCH($B$4,NRW!$A$28:$A$31,0),MATCH(G$83,NRW!$27:$27,0))),NA()) -> 0.46424282 | H89: =IFERROR(IF($B$4="ALL",INDEX(NRW!$32:$32,MATCH(H$83,NRW!$27:$27,0)),INDEX(NRW!$28:$31,MATCH($B$4,NRW!$A$28:$A$31,0),MATCH(H$83,NRW!$27:$27,0))),NA()) -> 0.52105109 | I89: =IFERROR(IF($B$4="ALL",INDEX(NRW!$32:$32,MATCH(I$83,NRW!$27:$27,0)),INDEX(NRW!$28:$31,MATCH($B$4,NRW!$A$28:$A$31,0),MATCH(I$83,NRW!$27:$27,0))),NA()) -> 0.43875583 | ... AW89: =IFERROR(IF($B$4="ALL",INDEX(NRW!$32:$32,MATCH(AW$83,NRW!$27:$27,0)),INDEX(NRW!$28:$31,MATCH($B$4,NRW!$A$28:$A$31,0),MATCH(AW$83,NRW!$27:$27,0))),NA()) -> #N/A
A90: Customers | B90: =IFERROR(IF($B$4="ALL",INDEX(Customers!$10:$10,MATCH(B$83,Customers!$5:$5,0)),INDEX(Customers!$6:$9,MATCH($B$4,Customers!$A$6:$A$9,0),MATCH(B$83,Customers!$5:$5,0))),NA()) -> 21591 | C90: =IFERROR(IF($B$4="ALL",INDEX(Customers!$10:$10,MATCH(C$83,Customers!$5:$5,0)),INDEX(Customers!$6:$9,MATCH($B$4,Customers!$A$6:$A$9,0),MATCH(C$83,Customers!$5:$5,0))),NA()) -> 21633 | D90: =IFERROR(IF($B$4="ALL",INDEX(Customers!$10:$10,MATCH(D$83,Customers!$5:$5,0)),INDEX(Customers!$6:$9,MATCH($B$4,Customers!$A$6:$A$9,0),MATCH(D$83,Customers!$5:$5,0))),NA()) -> 21578 | E90: =IFERROR(IF($B$4="ALL",INDEX(Customers!$10:$10,MATCH(E$83,Customers!$5:$5,0)),INDEX(Customers!$6:$9,MATCH($B$4,Customers!$A$6:$A$9,0),MATCH(E$83,Customers!$5:$5,0))),NA()) -> 21727 | F90: =IFERROR(IF($B$4="ALL",INDEX(Customers!$10:$10,MATCH(F$83,Customers!$5:$5,0)),INDEX(Customers!$6:$9,MATCH($B$4,Customers!$A$6:$A$9,0),MATCH(F$83,Customers!$5:$5,0))),NA()) -> 21799 | G90: =IFERROR(IF($B$4="ALL",INDEX(Customers!$10:$10,MATCH(G$83,Customers!$5:$5,0)),INDEX(Customers!$6:$9,MATCH($B$4,Customers!$A$6:$A$9,0),MATCH(G$83,Customers!$5:$5,0))),NA()) -> 21930 | H90: =IFERROR(IF($B$4="ALL",INDEX(Customers!$10:$10,MATCH(H$83,Customers!$5:$5,0)),INDEX(Customers!$6:$9,MATCH($B$4,Customers!$A$6:$A$9,0),MATCH(H$83,Customers!$5:$5,0))),NA()) -> 22007 | I90: =IFERROR(IF($B$4="ALL",INDEX(Customers!$10:$10,MATCH(I$83,Customers!$5:$5,0)),INDEX(Customers!$6:$9,MATCH($B$4,Customers!$A$6:$A$9,0),MATCH(I$83,Customers!$5:$5,0))),NA()) -> 22042 | ... AW90: =IFERROR(IF($B$4="ALL",INDEX(Customers!$10:$10,MATCH(AW$83,Customers!$5:$5,0)),INDEX(Customers!$6:$9,MATCH($B$4,Customers!$A$6:$A$9,0),MATCH(AW$83,Customers!$5:$5,0))),NA()) -> #N/A
A92: FILTERED FOR CHARTS (do not edit)
A93: Month | B93: {=IF(ISNA(B$84),NA(),IF($D$4="All",B$83,IF(TEXT($D$4,"0")="2024",IF(YEAR(B$83)=2024,B$83,NA()),IF(TEXT($D$4,"0")="2025",IF(YEAR(B$83)=2025,B$83,NA()),IF($D$4="2026 YTD",IF(YEAR(B$83)=2026,B$83,NA()),IF($D$4="Last 6 months",IF(B$83>=EDATE(MAX(IF(NOT(ISNA($B$84:$AW$84)),$B$83:$AW$83)),-5),B$83,NA()),IF($D$4="Last 12 months",IF(B$83>=EDATE(MAX(IF(NOT(ISNA($B$84:$AW$84)),$B$83:$AW$83)),-11),B$83,NA()),B$83)))))))} -> #N/A | C93: {=IF(ISNA(C$84),NA(),IF($D$4="All",C$83,IF(TEXT($D$4,"0")="2024",IF(YEAR(C$83)=2024,C$83,NA()),IF(TEXT($D$4,"0")="2025",IF(YEAR(C$83)=2025,C$83,NA()),IF($D$4="2026 YTD",IF(YEAR(C$83)=2026,C$83,NA()),IF($D$4="Last 6 months",IF(C$83>=EDATE(MAX(IF(NOT(ISNA($B$84:$AW$84)),$B$83:$AW$83)),-5),C$83,NA()),IF($D$4="Last 12 months",IF(C$83>=EDATE(MAX(IF(NOT(ISNA($B$84:$AW$84)),$B$83:$AW$83)),-11),C$83,NA()),C$83)))))))} -> #N/A | D93: {=IF(ISNA(D$84),NA(),IF($D$4="All",D$83,IF(TEXT($D$4,"0")="2024",IF(YEAR(D$83)=2024,D$83,NA()),IF(TEXT($D$4,"0")="2025",IF(YEAR(D$83)=2025,D$83,NA()),IF($D$4="2026 YTD",IF(YEAR(D$83)=2026,D$83,NA()),IF($D$4="Last 6 months",IF(D$83>=EDATE(MAX(IF(NOT(ISNA($B$84:$AW$84)),$B$83:$AW$83)),-5),D$83,NA()),IF($D$4="Last 12 months",IF(D$83>=EDATE(MAX(IF(NOT(ISNA($B$84:$AW$84)),$B$83:$AW$83)),-11),D$83,NA()),D$83)))))))} -> #N/A | E93: {=IF(ISNA(E$84),NA(),IF($D$4="All",E$83,IF(TEXT($D$4,"0")="2024",IF(YEAR(E$83)=2024,E$83,NA()),IF(TEXT($D$4,"0")="2025",IF(YEAR(E$83)=2025,E$83,NA()),IF($D$4="2026 YTD",IF(YEAR(E$83)=2026,E$83,NA()),IF($D$4="Last 6 months",IF(E$83>=EDATE(MAX(IF(NOT(ISNA($B$84:$AW$84)),$B$83:$AW$83)),-5),E$83,NA()),IF($D$4="Last 12 months",IF(E$83>=EDATE(MAX(IF(NOT(ISNA($B$84:$AW$84)),$B$83:$AW$83)),-11),E$83,NA()),E$83)))))))} -> #N/A | F93: {=IF(ISNA(F$84),NA(),IF($D$4="All",F$83,IF(TEXT($D$4,"0")="2024",IF(YEAR(F$83)=2024,F$83,NA()),IF(TEXT($D$4,"0")="2025",IF(YEAR(F$83)=2025,F$83,NA()),IF($D$4="2026 YTD",IF(YEAR(F$83)=2026,F$83,NA()),IF($D$4="Last 6 months",IF(F$83>=EDATE(MAX(IF(NOT(ISNA($B$84:$AW$84)),$B$83:$AW$83)),-5),F$83,NA()),IF($D$4="Last 12 months",IF(F$83>=EDATE(MAX(IF(NOT(ISNA($B$84:$AW$84)),$B$83:$AW$83)),-11),F$83,NA()),F$83)))))))} -> #N/A | G93: {=IF(ISNA(G$84),NA(),IF($D$4="All",G$83,IF(TEXT($D$4,"0")="2024",IF(YEAR(G$83)=2024,G$83,NA()),IF(TEXT($D$4,"0")="2025",IF(YEAR(G$83)=2025,G$83,NA()),IF($D$4="2026 YTD",IF(YEAR(G$83)=2026,G$83,NA()),IF($D$4="Last 6 months",IF(G$83>=EDATE(MAX(IF(NOT(ISNA($B$84:$AW$84)),$B$83:$AW$83)),-5),G$83,NA()),IF($D$4="Last 12 months",IF(G$83>=EDATE(MAX(IF(NOT(ISNA($B$84:$AW$84)),$B$83:$AW$83)),-11),G$83,NA()),G$83)))))))} -> #N/A | H93: {=IF(ISNA(H$84),NA(),IF($D$4="All",H$83,IF(TEXT($D$4,"0")="2024",IF(YEAR(H$83)=2024,H$83,NA()),IF(TEXT($D$4,"0")="2025",IF(YEAR(H$83)=2025,H$83,NA()),IF($D$4="2026 YTD",IF(YEAR(H$83)=2026,H$83,NA()),IF($D$4="Last 6 months",IF(H$83>=EDATE(MAX(IF(NOT(ISNA($B$84:$AW$84)),$B$83:$AW$83)),-5),H$83,NA()),IF($D$4="Last 12 months",IF(H$83>=EDATE(MAX(IF(NOT(ISNA($B$84:$AW$84)),$B$83:$AW$83)),-11),H$83,NA()),H$83)))))))} -> #N/A | I93: {=IF(ISNA(I$84),NA(),IF($D$4="All",I$83,IF(TEXT($D$4,"0")="2024",IF(YEAR(I$83)=2024,I$83,NA()),IF(TEXT($D$4,"0")="2025",IF(YEAR(I$83)=2025,I$83,NA()),IF($D$4="2026 YTD",IF(YEAR(I$83)=2026,I$83,NA()),IF($D$4="Last 6 months",IF(I$83>=EDATE(MAX(IF(NOT(ISNA($B$84:$AW$84)),$B$83:$AW$83)),-5),I$83,NA()),IF($D$4="Last 12 months",IF(I$83>=EDATE(MAX(IF(NOT(ISNA($B$84:$AW$84)),$B$83:$AW$83)),-11),I$83,NA()),I$83)))))))} -> #N/A | ... AW93: {=IF(ISNA(AW$84),NA(),IF($D$4="All",AW$83,IF(TEXT($D$4,"0")="2024",IF(YEAR(AW$83)=2024,AW$83,NA()),IF(TEXT($D$4,"0")="2025",IF(YEAR(AW$83)=2025,AW$83,NA()),IF($D$4="2026 YTD",IF(YEAR(AW$83)=2026,AW$83,NA()),IF($D$4="Last 6 months",IF(AW$83>=EDATE(MAX(IF(NOT(ISNA($B$84:$AW$84)),$B$83:$AW$83)),-5),AW$83,NA()),IF($D$4="Last 12 months",IF(AW$83>=EDATE(MAX(IF(NOT(ISNA($B$84:$AW$84)),$B$83:$AW$83)),-11),AW$83,NA()),AW$83)))))))} -> #N/A
A94: Sales (m³) | B94: =IF(ISNA(B$93),NA(),B84) -> #N/A | C94: =IF(ISNA(C$93),NA(),C84) -> #N/A | D94: =IF(ISNA(D$93),NA(),D84) -> #N/A | E94: =IF(ISNA(E$93),NA(),E84) -> #N/A | F94: =IF(ISNA(F$93),NA(),F84) -> #N/A | G94: =IF(ISNA(G$93),NA(),G84) -> #N/A | H94: =IF(ISNA(H$93),NA(),H84) -> #N/A | I94: =IF(ISNA(I$93),NA(),I84) -> #N/A | ... AW94: =IF(ISNA(AW$93),NA(),AW84) -> #N/A
A95: Billing (GHS) | B95: =IF(ISNA(B$93),NA(),B85) -> #N/A | C95: =IF(ISNA(C$93),NA(),C85) -> #N/A | D95: =IF(ISNA(D$93),NA(),D85) -> #N/A | E95: =IF(ISNA(E$93),NA(),E85) -> #N/A | F95: =IF(ISNA(F$93),NA(),F85) -> #N/A | G95: =IF(ISNA(G$93),NA(),G85) -> #N/A | H95: =IF(ISNA(H$93),NA(),H85) -> #N/A | I95: =IF(ISNA(I$93),NA(),I85) -> #N/A | ... AW95: =IF(ISNA(AW$93),NA(),AW85) -> #N/A
A96: Collection (GHS) | B96: =IF(ISNA(B$93),NA(),B86) -> #N/A | C96: =IF(ISNA(C$93),NA(),C86) -> #N/A | D96: =IF(ISNA(D$93),NA(),D86) -> #N/A | E96: =IF(ISNA(E$93),NA(),E86) -> #N/A | F96: =IF(ISNA(F$93),NA(),F86) -> #N/A | G96: =IF(ISNA(G$93),NA(),G86) -> #N/A | H96: =IF(ISNA(H$93),NA(),H86) -> #N/A | I96: =IF(ISNA(I$93),NA(),I86) -> #N/A | ... AW96: =IF(ISNA(AW$93),NA(),AW86) -> #N/A
A97: Collection Ratio (%) | B97: =IF(ISNA(B$93),NA(),B87) -> #N/A | C97: =IF(ISNA(C$93),NA(),C87) -> #N/A | D97: =IF(ISNA(D$93),NA(),D87) -> #N/A | E97: =IF(ISNA(E$93),NA(),E87) -> #N/A | F97: =IF(ISNA(F$93),NA(),F87) -> #N/A | G97: =IF(ISNA(G$93),NA(),G87) -> #N/A | H97: =IF(ISNA(H$93),NA(),H87) -> #N/A | I97: =IF(ISNA(I$93),NA(),I87) -> #N/A | ... AW97: =IF(ISNA(AW$93),NA(),AW87) -> #N/A
A98: Arrears (GHS) | B98: =IF(ISNA(B$93),NA(),B88) -> #N/A | C98: =IF(ISNA(C$93),NA(),C88) -> #N/A | D98: =IF(ISNA(D$93),NA(),D88) -> #N/A | E98: =IF(ISNA(E$93),NA(),E88) -> #N/A | F98: =IF(ISNA(F$93),NA(),F88) -> #N/A | G98: =IF(ISNA(G$93),NA(),G88) -> #N/A | H98: =IF(ISNA(H$93),NA(),H88) -> #N/A | I98: =IF(ISNA(I$93),NA(),I88) -> #N/A | ... AW98: =IF(ISNA(AW$93),NA(),AW88) -> #N/A
A99: NRW (%) | B99: =IF(ISNA(B$93),NA(),B89) -> #N/A | C99: =IF(ISNA(C$93),NA(),C89) -> #N/A | D99: =IF(ISNA(D$93),NA(),D89) -> #N/A | E99: =IF(ISNA(E$93),NA(),E89) -> #N/A | F99: =IF(ISNA(F$93),NA(),F89) -> #N/A | G99: =IF(ISNA(G$93),NA(),G89) -> #N/A | H99: =IF(ISNA(H$93),NA(),H89) -> #N/A | I99: =IF(ISNA(I$93),NA(),I89) -> #N/A | ... AW99: =IF(ISNA(AW$93),NA(),AW89) -> #N/A
A100: Customers | B100: =IF(ISNA(B$93),NA(),B90) -> #N/A | C100: =IF(ISNA(C$93),NA(),C90) -> #N/A | D100: =IF(ISNA(D$93),NA(),D90) -> #N/A | E100: =IF(ISNA(E$93),NA(),E90) -> #N/A | F100: =IF(ISNA(F$93),NA(),F90) -> #N/A | G100: =IF(ISNA(G$93),NA(),G90) -> #N/A | H100: =IF(ISNA(H$93),NA(),H90) -> #N/A | I100: =IF(ISNA(I$93),NA(),I90) -> #N/A | ... AW100: =IF(ISNA(AW$93),NA(),AW90) -> #N/A
A101: Age of Arrears (mo) | B101: =IFERROR(IF($B$4="ALL",INDEX('Billing & Collection'!$57:$57,MATCH(B$83,'Billing & Collection'!$4:$4,0)),INDEX('Billing & Collection'!$53:$56,MATCH($B$4,'Billing & Collection'!$A$53:$A$56,0),MATCH(B$83,'Billing & Collection'!$4:$4,0))),NA()) -> 8.7649711 | C101: =IFERROR(IF($B$4="ALL",INDEX('Billing & Collection'!$57:$57,MATCH(C$83,'Billing & Collection'!$4:$4,0)),INDEX('Billing & Collection'!$53:$56,MATCH($B$4,'Billing & Collection'!$A$53:$A$56,0),MATCH(C$83,'Billing & Collection'!$4:$4,0))),NA()) -> 9.2326416 | D101: =IFERROR(IF($B$4="ALL",INDEX('Billing & Collection'!$57:$57,MATCH(D$83,'Billing & Collection'!$4:$4,0)),INDEX('Billing & Collection'!$53:$56,MATCH($B$4,'Billing & Collection'!$A$53:$A$56,0),MATCH(D$83,'Billing & Collection'!$4:$4,0))),NA()) -> 9.6921769 | E101: =IFERROR(IF($B$4="ALL",INDEX('Billing & Collection'!$57:$57,MATCH(E$83,'Billing & Collection'!$4:$4,0)),INDEX('Billing & Collection'!$53:$56,MATCH($B$4,'Billing & Collection'!$A$53:$A$56,0),MATCH(E$83,'Billing & Collection'!$4:$4,0))),NA()) -> 5.3913276 | F101: =IFERROR(IF($B$4="ALL",INDEX('Billing & Collection'!$57:$57,MATCH(F$83,'Billing & Collection'!$4:$4,0)),INDEX('Billing & Collection'!$53:$56,MATCH($B$4,'Billing & Collection'!$A$53:$A$56,0),MATCH(F$83,'Billing & Collection'!$4:$4,0))),NA()) -> 6.0540263 | G101: =IFERROR(IF($B$4="ALL",INDEX('Billing & Collection'!$57:$57,MATCH(G$83,'Billing & Collection'!$4:$4,0)),INDEX('Billing & Collection'!$53:$56,MATCH($B$4,'Billing & Collection'!$A$53:$A$56,0),MATCH(G$83,'Billing & Collection'!$4:$4,0))),NA()) -> 5.9242163 | H101: =IFERROR(IF($B$4="ALL",INDEX('Billing & Collection'!$57:$57,MATCH(H$83,'Billing & Collection'!$4:$4,0)),INDEX('Billing & Collection'!$53:$56,MATCH($B$4,'Billing & Collection'!$A$53:$A$56,0),MATCH(H$83,'Billing & Collection'!$4:$4,0))),NA()) -> 5.7810719 | I101: =IFERROR(IF($B$4="ALL",INDEX('Billing & Collection'!$57:$57,MATCH(I$83,'Billing & Collection'!$4:$4,0)),INDEX('Billing & Collection'!$53:$56,MATCH($B$4,'Billing & Collection'!$A$53:$A$56,0),MATCH(I$83,'Billing & Collection'!$4:$4,0))),NA()) -> 5.6043086 | ... AW101: =IFERROR(IF($B$4="ALL",INDEX('Billing & Collection'!$57:$57,MATCH(AW$83,'Billing & Collection'!$4:$4,0)),INDEX('Billing & Collection'!$53:$56,MATCH($B$4,'Billing & Collection'!$A$53:$A$56,0),MATCH(AW$83,'Billing & Collection'!$4:$4,0))),NA()) -> #N/A
A102: Age Efficiency (%) | B102: =IFERROR(IF($B$4="ALL",INDEX('Billing & Collection'!$65:$65,MATCH(B$83,'Billing & Collection'!$4:$4,0)),INDEX('Billing & Collection'!$61:$64,MATCH($B$4,'Billing & Collection'!$A$61:$A$64,0),MATCH(B$83,'Billing & Collection'!$4:$4,0))),NA()) -> 0.34227152 | C102: =IFERROR(IF($B$4="ALL",INDEX('Billing & Collection'!$65:$65,MATCH(C$83,'Billing & Collection'!$4:$4,0)),INDEX('Billing & Collection'!$61:$64,MATCH($B$4,'Billing & Collection'!$A$61:$A$64,0),MATCH(C$83,'Billing & Collection'!$4:$4,0))),NA()) -> 0.32493409 | D102: =IFERROR(IF($B$4="ALL",INDEX('Billing & Collection'!$65:$65,MATCH(D$83,'Billing & Collection'!$4:$4,0)),INDEX('Billing & Collection'!$61:$64,MATCH($B$4,'Billing & Collection'!$A$61:$A$64,0),MATCH(D$83,'Billing & Collection'!$4:$4,0))),NA()) -> 0.30952799 | E102: =IFERROR(IF($B$4="ALL",INDEX('Billing & Collection'!$65:$65,MATCH(E$83,'Billing & Collection'!$4:$4,0)),INDEX('Billing & Collection'!$61:$64,MATCH($B$4,'Billing & Collection'!$A$61:$A$64,0),MATCH(E$83,'Billing & Collection'!$4:$4,0))),NA()) -> 0.55644922 | F102: =IFERROR(IF($B$4="ALL",INDEX('Billing & Collection'!$65:$65,MATCH(F$83,'Billing & Collection'!$4:$4,0)),INDEX('Billing & Collection'!$61:$64,MATCH($B$4,'Billing & Collection'!$A$61:$A$64,0),MATCH(F$83,'Billing & Collection'!$4:$4,0))),NA()) -> 0.49553798 | G102: =IFERROR(IF($B$4="ALL",INDEX('Billing & Collection'!$65:$65,MATCH(G$83,'Billing & Collection'!$4:$4,0)),INDEX('Billing & Collection'!$61:$64,MATCH($B$4,'Billing & Collection'!$A$61:$A$64,0),MATCH(G$83,'Billing & Collection'!$4:$4,0))),NA()) -> 0.50639609 | H102: =IFERROR(IF($B$4="ALL",INDEX('Billing & Collection'!$65:$65,MATCH(H$83,'Billing & Collection'!$4:$4,0)),INDEX('Billing & Collection'!$61:$64,MATCH($B$4,'Billing & Collection'!$A$61:$A$64,0),MATCH(H$83,'Billing & Collection'!$4:$4,0))),NA()) -> 0.51893491 | I102: =IFERROR(IF($B$4="ALL",INDEX('Billing & Collection'!$65:$65,MATCH(I$83,'Billing & Collection'!$4:$4,0)),INDEX('Billing & Collection'!$61:$64,MATCH($B$4,'Billing & Collection'!$A$61:$A$64,0),MATCH(I$83,'Billing & Collection'!$4:$4,0))),NA()) -> 0.53530243 | ... AW102: =IFERROR(IF($B$4="ALL",INDEX('Billing & Collection'!$65:$65,MATCH(AW$83,'Billing & Collection'!$4:$4,0)),INDEX('Billing & Collection'!$61:$64,MATCH($B$4,'Billing & Collection'!$A$61:$A$64,0),MATCH(AW$83,'Billing & Collection'!$4:$4,0))),NA()) -> #N/A
A103: Age of Arrears (mo) | B103: =IF(ISNA(B$93),NA(),B101) -> #N/A | C103: =IF(ISNA(C$93),NA(),C101) -> #N/A | D103: =IF(ISNA(D$93),NA(),D101) -> #N/A | E103: =IF(ISNA(E$93),NA(),E101) -> #N/A | F103: =IF(ISNA(F$93),NA(),F101) -> #N/A | G103: =IF(ISNA(G$93),NA(),G101) -> #N/A | H103: =IF(ISNA(H$93),NA(),H101) -> #N/A | I103: =IF(ISNA(I$93),NA(),I101) -> #N/A | ... AW103: =IF(ISNA(AW$93),NA(),AW101) -> #N/A
A104: Age Efficiency (%) | B104: =IF(ISNA(B$93),NA(),B102) -> #N/A | C104: =IF(ISNA(C$93),NA(),C102) -> #N/A | D104: =IF(ISNA(D$93),NA(),D102) -> #N/A | E104: =IF(ISNA(E$93),NA(),E102) -> #N/A | F104: =IF(ISNA(F$93),NA(),F102) -> #N/A | G104: =IF(ISNA(G$93),NA(),G102) -> #N/A | H104: =IF(ISNA(H$93),NA(),H102) -> #N/A | I104: =IF(ISNA(I$93),NA(),I102) -> #N/A | ... AW104: =IF(ISNA(AW$93),NA(),AW102) -> #N/A
A105: TARGETS BLOCK (driven by selector — do not edit)
A106: Sales Target (m³) | B106: =IFERROR(IF($B$4="ALL",IF(YEAR(B$83)<=2025,SUM(Targets!$B$4:$E$4),SUM(Targets!$F$4:$I$4)),IF(YEAR(B$83)<=2025,INDEX(Targets!$B$4:$E$4,MATCH($B$4,Targets!$B$3:$E$3,0)),INDEX(Targets!$F$4:$I$4,MATCH($B$4,Targets!$F$3:$I$3,0)))),NA()) -> 462600 | C106: =IFERROR(IF($B$4="ALL",IF(YEAR(C$83)<=2025,SUM(Targets!$B$4:$E$4),SUM(Targets!$F$4:$I$4)),IF(YEAR(C$83)<=2025,INDEX(Targets!$B$4:$E$4,MATCH($B$4,Targets!$B$3:$E$3,0)),INDEX(Targets!$F$4:$I$4,MATCH($B$4,Targets!$F$3:$I$3,0)))),NA()) -> 462600 | D106: =IFERROR(IF($B$4="ALL",IF(YEAR(D$83)<=2025,SUM(Targets!$B$4:$E$4),SUM(Targets!$F$4:$I$4)),IF(YEAR(D$83)<=2025,INDEX(Targets!$B$4:$E$4,MATCH($B$4,Targets!$B$3:$E$3,0)),INDEX(Targets!$F$4:$I$4,MATCH($B$4,Targets!$F$3:$I$3,0)))),NA()) -> 462600 | E106: =IFERROR(IF($B$4="ALL",IF(YEAR(E$83)<=2025,SUM(Targets!$B$4:$E$4),SUM(Targets!$F$4:$I$4)),IF(YEAR(E$83)<=2025,INDEX(Targets!$B$4:$E$4,MATCH($B$4,Targets!$B$3:$E$3,0)),INDEX(Targets!$F$4:$I$4,MATCH($B$4,Targets!$F$3:$I$3,0)))),NA()) -> 462600 | F106: =IFERROR(IF($B$4="ALL",IF(YEAR(F$83)<=2025,SUM(Targets!$B$4:$E$4),SUM(Targets!$F$4:$I$4)),IF(YEAR(F$83)<=2025,INDEX(Targets!$B$4:$E$4,MATCH($B$4,Targets!$B$3:$E$3,0)),INDEX(Targets!$F$4:$I$4,MATCH($B$4,Targets!$F$3:$I$3,0)))),NA()) -> 462600 | G106: =IFERROR(IF($B$4="ALL",IF(YEAR(G$83)<=2025,SUM(Targets!$B$4:$E$4),SUM(Targets!$F$4:$I$4)),IF(YEAR(G$83)<=2025,INDEX(Targets!$B$4:$E$4,MATCH($B$4,Targets!$B$3:$E$3,0)),INDEX(Targets!$F$4:$I$4,MATCH($B$4,Targets!$F$3:$I$3,0)))),NA()) -> 462600 | H106: =IFERROR(IF($B$4="ALL",IF(YEAR(H$83)<=2025,SUM(Targets!$B$4:$E$4),SUM(Targets!$F$4:$I$4)),IF(YEAR(H$83)<=2025,INDEX(Targets!$B$4:$E$4,MATCH($B$4,Targets!$B$3:$E$3,0)),INDEX(Targets!$F$4:$I$4,MATCH($B$4,Targets!$F$3:$I$3,0)))),NA()) -> 462600 | I106: =IFERROR(IF($B$4="ALL",IF(YEAR(I$83)<=2025,SUM(Targets!$B$4:$E$4),SUM(Targets!$F$4:$I$4)),IF(YEAR(I$83)<=2025,INDEX(Targets!$B$4:$E$4,MATCH($B$4,Targets!$B$3:$E$3,0)),INDEX(Targets!$F$4:$I$4,MATCH($B$4,Targets!$F$3:$I$3,0)))),NA()) -> 462600 | ... AW106: =IFERROR(IF($B$4="ALL",IF(YEAR(AW$83)<=2025,SUM(Targets!$B$4:$E$4),SUM(Targets!$F$4:$I$4)),IF(YEAR(AW$83)<=2025,INDEX(Targets!$B$4:$E$4,MATCH($B$4,Targets!$B$3:$E$3,0)),INDEX(Targets!$F$4:$I$4,MATCH($B$4,Targets!$F$3:$I$3,0)))),NA()) -> 435051.09
A107: Billing Target (GHS) | B107: =IFERROR(IF($B$4="ALL",IF(YEAR(B$83)<=2025,SUM(Targets!$B$5:$E$5),SUM(Targets!$F$5:$I$5)),IF(YEAR(B$83)<=2025,INDEX(Targets!$B$5:$E$5,MATCH($B$4,Targets!$B$3:$E$3,0)),INDEX(Targets!$F$5:$I$5,MATCH($B$4,Targets!$F$3:$I$3,0)))),NA()) -> 4939537.5 | C107: =IFERROR(IF($B$4="ALL",IF(YEAR(C$83)<=2025,SUM(Targets!$B$5:$E$5),SUM(Targets!$F$5:$I$5)),IF(YEAR(C$83)<=2025,INDEX(Targets!$B$5:$E$5,MATCH($B$4,Targets!$B$3:$E$3,0)),INDEX(Targets!$F$5:$I$5,MATCH($B$4,Targets!$F$3:$I$3,0)))),NA()) -> 4939537.5 | D107: =IFERROR(IF($B$4="ALL",IF(YEAR(D$83)<=2025,SUM(Targets!$B$5:$E$5),SUM(Targets!$F$5:$I$5)),IF(YEAR(D$83)<=2025,INDEX(Targets!$B$5:$E$5,MATCH($B$4,Targets!$B$3:$E$3,0)),INDEX(Targets!$F$5:$I$5,MATCH($B$4,Targets!$F$3:$I$3,0)))),NA()) -> 4939537.5 | E107: =IFERROR(IF($B$4="ALL",IF(YEAR(E$83)<=2025,SUM(Targets!$B$5:$E$5),SUM(Targets!$F$5:$I$5)),IF(YEAR(E$83)<=2025,INDEX(Targets!$B$5:$E$5,MATCH($B$4,Targets!$B$3:$E$3,0)),INDEX(Targets!$F$5:$I$5,MATCH($B$4,Targets!$F$3:$I$3,0)))),NA()) -> 4939537.5 | F107: =IFERROR(IF($B$4="ALL",IF(YEAR(F$83)<=2025,SUM(Targets!$B$5:$E$5),SUM(Targets!$F$5:$I$5)),IF(YEAR(F$83)<=2025,INDEX(Targets!$B$5:$E$5,MATCH($B$4,Targets!$B$3:$E$3,0)),INDEX(Targets!$F$5:$I$5,MATCH($B$4,Targets!$F$3:$I$3,0)))),NA()) -> 4939537.5 | G107: =IFERROR(IF($B$4="ALL",IF(YEAR(G$83)<=2025,SUM(Targets!$B$5:$E$5),SUM(Targets!$F$5:$I$5)),IF(YEAR(G$83)<=2025,INDEX(Targets!$B$5:$E$5,MATCH($B$4,Targets!$B$3:$E$3,0)),INDEX(Targets!$F$5:$I$5,MATCH($B$4,Targets!$F$3:$I$3,0)))),NA()) -> 4939537.5 | H107: =IFERROR(IF($B$4="ALL",IF(YEAR(H$83)<=2025,SUM(Targets!$B$5:$E$5),SUM(Targets!$F$5:$I$5)),IF(YEAR(H$83)<=2025,INDEX(Targets!$B$5:$E$5,MATCH($B$4,Targets!$B$3:$E$3,0)),INDEX(Targets!$F$5:$I$5,MATCH($B$4,Targets!$F$3:$I$3,0)))),NA()) -> 4939537.5 | I107: =IFERROR(IF($B$4="ALL",IF(YEAR(I$83)<=2025,SUM(Targets!$B$5:$E$5),SUM(Targets!$F$5:$I$5)),IF(YEAR(I$83)<=2025,INDEX(Targets!$B$5:$E$5,MATCH($B$4,Targets!$B$3:$E$3,0)),INDEX(Targets!$F$5:$I$5,MATCH($B$4,Targets!$F$3:$I$3,0)))),NA()) -> 4939537.5 | ... AW107: =IFERROR(IF($B$4="ALL",IF(YEAR(AW$83)<=2025,SUM(Targets!$B$5:$E$5),SUM(Targets!$F$5:$I$5)),IF(YEAR(AW$83)<=2025,INDEX(Targets!$B$5:$E$5,MATCH($B$4,Targets!$B$3:$E$3,0)),INDEX(Targets!$F$5:$I$5,MATCH($B$4,Targets!$F$3:$I$3,0)))),NA()) -> 6187377.7
A108: Collection Target (GHS) | B108: =IFERROR(IF($B$4="ALL",IF(YEAR(B$83)<=2025,SUM(Targets!$B$6:$E$6),SUM(Targets!$F$6:$I$6)),IF(YEAR(B$83)<=2025,INDEX(Targets!$B$6:$E$6,MATCH($B$4,Targets!$B$3:$E$3,0)),INDEX(Targets!$F$6:$I$6,MATCH($B$4,Targets!$F$3:$I$3,0)))),NA()) -> 4939537.5 | C108: =IFERROR(IF($B$4="ALL",IF(YEAR(C$83)<=2025,SUM(Targets!$B$6:$E$6),SUM(Targets!$F$6:$I$6)),IF(YEAR(C$83)<=2025,INDEX(Targets!$B$6:$E$6,MATCH($B$4,Targets!$B$3:$E$3,0)),INDEX(Targets!$F$6:$I$6,MATCH($B$4,Targets!$F$3:$I$3,0)))),NA()) -> 4939537.5 | D108: =IFERROR(IF($B$4="ALL",IF(YEAR(D$83)<=2025,SUM(Targets!$B$6:$E$6),SUM(Targets!$F$6:$I$6)),IF(YEAR(D$83)<=2025,INDEX(Targets!$B$6:$E$6,MATCH($B$4,Targets!$B$3:$E$3,0)),INDEX(Targets!$F$6:$I$6,MATCH($B$4,Targets!$F$3:$I$3,0)))),NA()) -> 4939537.5 | E108: =IFERROR(IF($B$4="ALL",IF(YEAR(E$83)<=2025,SUM(Targets!$B$6:$E$6),SUM(Targets!$F$6:$I$6)),IF(YEAR(E$83)<=2025,INDEX(Targets!$B$6:$E$6,MATCH($B$4,Targets!$B$3:$E$3,0)),INDEX(Targets!$F$6:$I$6,MATCH($B$4,Targets!$F$3:$I$3,0)))),NA()) -> 4939537.5 | F108: =IFERROR(IF($B$4="ALL",IF(YEAR(F$83)<=2025,SUM(Targets!$B$6:$E$6),SUM(Targets!$F$6:$I$6)),IF(YEAR(F$83)<=2025,INDEX(Targets!$B$6:$E$6,MATCH($B$4,Targets!$B$3:$E$3,0)),INDEX(Targets!$F$6:$I$6,MATCH($B$4,Targets!$F$3:$I$3,0)))),NA()) -> 4939537.5 | G108: =IFERROR(IF($B$4="ALL",IF(YEAR(G$83)<=2025,SUM(Targets!$B$6:$E$6),SUM(Targets!$F$6:$I$6)),IF(YEAR(G$83)<=2025,INDEX(Targets!$B$6:$E$6,MATCH($B$4,Targets!$B$3:$E$3,0)),INDEX(Targets!$F$6:$I$6,MATCH($B$4,Targets!$F$3:$I$3,0)))),NA()) -> 4939537.5 | H108: =IFERROR(IF($B$4="ALL",IF(YEAR(H$83)<=2025,SUM(Targets!$B$6:$E$6),SUM(Targets!$F$6:$I$6)),IF(YEAR(H$83)<=2025,INDEX(Targets!$B$6:$E$6,MATCH($B$4,Targets!$B$3:$E$3,0)),INDEX(Targets!$F$6:$I$6,MATCH($B$4,Targets!$F$3:$I$3,0)))),NA()) -> 4939537.5 | I108: =IFERROR(IF($B$4="ALL",IF(YEAR(I$83)<=2025,SUM(Targets!$B$6:$E$6),SUM(Targets!$F$6:$I$6)),IF(YEAR(I$83)<=2025,INDEX(Targets!$B$6:$E$6,MATCH($B$4,Targets!$B$3:$E$3,0)),INDEX(Targets!$F$6:$I$6,MATCH($B$4,Targets!$F$3:$I$3,0)))),NA()) -> 4939537.5 | ... AW108: =IFERROR(IF($B$4="ALL",IF(YEAR(AW$83)<=2025,SUM(Targets!$B$6:$E$6),SUM(Targets!$F$6:$I$6)),IF(YEAR(AW$83)<=2025,INDEX(Targets!$B$6:$E$6,MATCH($B$4,Targets!$B$3:$E$3,0)),INDEX(Targets!$F$6:$I$6,MATCH($B$4,Targets!$F$3:$I$3,0)))),NA()) -> 6187377.7
A109: Collection Ratio Target (%) | B109: =IFERROR(B108/B107,NA()) -> 1 | C109: =IFERROR(C108/C107,NA()) -> 1 | D109: =IFERROR(D108/D107,NA()) -> 1 | E109: =IFERROR(E108/E107,NA()) -> 1 | F109: =IFERROR(F108/F107,NA()) -> 1 | G109: =IFERROR(G108/G107,NA()) -> 1 | H109: =IFERROR(H108/H107,NA()) -> 1 | I109: =IFERROR(I108/I107,NA()) -> 1 | ... AW109: =IFERROR(AW108/AW107,NA()) -> 1
A110: NRW Target (%) | B110: =IFERROR(IF($B$4="ALL",AVERAGE(Targets!$F$7:$I$7),INDEX(Targets!$F$7:$I$7,MATCH($B$4,Targets!$F$3:$I$3,0)))/100,NA()) -> 0.422 | C110: =IFERROR(IF($B$4="ALL",AVERAGE(Targets!$F$7:$I$7),INDEX(Targets!$F$7:$I$7,MATCH($B$4,Targets!$F$3:$I$3,0)))/100,NA()) -> 0.422 | D110: =IFERROR(IF($B$4="ALL",AVERAGE(Targets!$F$7:$I$7),INDEX(Targets!$F$7:$I$7,MATCH($B$4,Targets!$F$3:$I$3,0)))/100,NA()) -> 0.422 | E110: =IFERROR(IF($B$4="ALL",AVERAGE(Targets!$F$7:$I$7),INDEX(Targets!$F$7:$I$7,MATCH($B$4,Targets!$F$3:$I$3,0)))/100,NA()) -> 0.422 | F110: =IFERROR(IF($B$4="ALL",AVERAGE(Targets!$F$7:$I$7),INDEX(Targets!$F$7:$I$7,MATCH($B$4,Targets!$F$3:$I$3,0)))/100,NA()) -> 0.422 | G110: =IFERROR(IF($B$4="ALL",AVERAGE(Targets!$F$7:$I$7),INDEX(Targets!$F$7:$I$7,MATCH($B$4,Targets!$F$3:$I$3,0)))/100,NA()) -> 0.422 | H110: =IFERROR(IF($B$4="ALL",AVERAGE(Targets!$F$7:$I$7),INDEX(Targets!$F$7:$I$7,MATCH($B$4,Targets!$F$3:$I$3,0)))/100,NA()) -> 0.422 | I110: =IFERROR(IF($B$4="ALL",AVERAGE(Targets!$F$7:$I$7),INDEX(Targets!$F$7:$I$7,MATCH($B$4,Targets!$F$3:$I$3,0)))/100,NA()) -> 0.422 | ... AW110: =IFERROR(IF($B$4="ALL",AVERAGE(Targets!$F$7:$I$7),INDEX(Targets!$F$7:$I$7,MATCH($B$4,Targets!$F$3:$I$3,0)))/100,NA()) -> 0.422
A111: Age of Arrears Target (mo) | B111: =IFERROR(IF($B$4="ALL",IF(YEAR(B$83)<=2025,AVERAGE(Targets!$B$9:$E$9),AVERAGE(Targets!$F$9:$I$9)),IF(YEAR(B$83)<=2025,INDEX(Targets!$B$9:$E$9,MATCH($B$4,Targets!$B$3:$E$3,0)),INDEX(Targets!$F$9:$I$9,MATCH($B$4,Targets!$F$3:$I$3,0)))),NA()) -> 2 | C111: =IFERROR(IF($B$4="ALL",IF(YEAR(C$83)<=2025,AVERAGE(Targets!$B$9:$E$9),AVERAGE(Targets!$F$9:$I$9)),IF(YEAR(C$83)<=2025,INDEX(Targets!$B$9:$E$9,MATCH($B$4,Targets!$B$3:$E$3,0)),INDEX(Targets!$F$9:$I$9,MATCH($B$4,Targets!$F$3:$I$3,0)))),NA()) -> 2 | D111: =IFERROR(IF($B$4="ALL",IF(YEAR(D$83)<=2025,AVERAGE(Targets!$B$9:$E$9),AVERAGE(Targets!$F$9:$I$9)),IF(YEAR(D$83)<=2025,INDEX(Targets!$B$9:$E$9,MATCH($B$4,Targets!$B$3:$E$3,0)),INDEX(Targets!$F$9:$I$9,MATCH($B$4,Targets!$F$3:$I$3,0)))),NA()) -> 2 | E111: =IFERROR(IF($B$4="ALL",IF(YEAR(E$83)<=2025,AVERAGE(Targets!$B$9:$E$9),AVERAGE(Targets!$F$9:$I$9)),IF(YEAR(E$83)<=2025,INDEX(Targets!$B$9:$E$9,MATCH($B$4,Targets!$B$3:$E$3,0)),INDEX(Targets!$F$9:$I$9,MATCH($B$4,Targets!$F$3:$I$3,0)))),NA()) -> 2 | F111: =IFERROR(IF($B$4="ALL",IF(YEAR(F$83)<=2025,AVERAGE(Targets!$B$9:$E$9),AVERAGE(Targets!$F$9:$I$9)),IF(YEAR(F$83)<=2025,INDEX(Targets!$B$9:$E$9,MATCH($B$4,Targets!$B$3:$E$3,0)),INDEX(Targets!$F$9:$I$9,MATCH($B$4,Targets!$F$3:$I$3,0)))),NA()) -> 2 | G111: =IFERROR(IF($B$4="ALL",IF(YEAR(G$83)<=2025,AVERAGE(Targets!$B$9:$E$9),AVERAGE(Targets!$F$9:$I$9)),IF(YEAR(G$83)<=2025,INDEX(Targets!$B$9:$E$9,MATCH($B$4,Targets!$B$3:$E$3,0)),INDEX(Targets!$F$9:$I$9,MATCH($B$4,Targets!$F$3:$I$3,0)))),NA()) -> 2 | H111: =IFERROR(IF($B$4="ALL",IF(YEAR(H$83)<=2025,AVERAGE(Targets!$B$9:$E$9),AVERAGE(Targets!$F$9:$I$9)),IF(YEAR(H$83)<=2025,INDEX(Targets!$B$9:$E$9,MATCH($B$4,Targets!$B$3:$E$3,0)),INDEX(Targets!$F$9:$I$9,MATCH($B$4,Targets!$F$3:$I$3,0)))),NA()) -> 2 | I111: =IFERROR(IF($B$4="ALL",IF(YEAR(I$83)<=2025,AVERAGE(Targets!$B$9:$E$9),AVERAGE(Targets!$F$9:$I$9)),IF(YEAR(I$83)<=2025,INDEX(Targets!$B$9:$E$9,MATCH($B$4,Targets!$B$3:$E$3,0)),INDEX(Targets!$F$9:$I$9,MATCH($B$4,Targets!$F$3:$I$3,0)))),NA()) -> 2 | ... AW111: =IFERROR(IF($B$4="ALL",IF(YEAR(AW$83)<=2025,AVERAGE(Targets!$B$9:$E$9),AVERAGE(Targets!$F$9:$I$9)),IF(YEAR(AW$83)<=2025,INDEX(Targets!$B$9:$E$9,MATCH($B$4,Targets!$B$3:$E$3,0)),INDEX(Targets!$F$9:$I$9,MATCH($B$4,Targets!$F$3:$I$3,0)))),NA()) -> 2
A114: FILTERED TARGETS (do not edit)
A115: Sales Target (m³) | B115: =IF(ISNA(B94),NA(),B106) -> #N/A | C115: =IF(ISNA(C94),NA(),C106) -> #N/A | D115: =IF(ISNA(D94),NA(),D106) -> #N/A | E115: =IF(ISNA(E94),NA(),E106) -> #N/A | F115: =IF(ISNA(F94),NA(),F106) -> #N/A | G115: =IF(ISNA(G94),NA(),G106) -> #N/A | H115: =IF(ISNA(H94),NA(),H106) -> #N/A | I115: =IF(ISNA(I94),NA(),I106) -> #N/A | ... AW115: =IF(ISNA(AW94),NA(),AW106) -> #N/A
A116: Billing Target (GHS) | B116: =IF(ISNA(B95),NA(),B107) -> #N/A | C116: =IF(ISNA(C95),NA(),C107) -> #N/A | D116: =IF(ISNA(D95),NA(),D107) -> #N/A | E116: =IF(ISNA(E95),NA(),E107) -> #N/A | F116: =IF(ISNA(F95),NA(),F107) -> #N/A | G116: =IF(ISNA(G95),NA(),G107) -> #N/A | H116: =IF(ISNA(H95),NA(),H107) -> #N/A | I116: =IF(ISNA(I95),NA(),I107) -> #N/A | ... AW116: =IF(ISNA(AW95),NA(),AW107) -> #N/A
A117: Collection Target (GHS) | B117: =IF(ISNA(B96),NA(),B108) -> #N/A | C117: =IF(ISNA(C96),NA(),C108) -> #N/A | D117: =IF(ISNA(D96),NA(),D108) -> #N/A | E117: =IF(ISNA(E96),NA(),E108) -> #N/A | F117: =IF(ISNA(F96),NA(),F108) -> #N/A | G117: =IF(ISNA(G96),NA(),G108) -> #N/A | H117: =IF(ISNA(H96),NA(),H108) -> #N/A | I117: =IF(ISNA(I96),NA(),I108) -> #N/A | ... AW117: =IF(ISNA(AW96),NA(),AW108) -> #N/A
A118: Collection Ratio Target (%) | B118: =IF(ISNA(B97),NA(),B109) -> #N/A | C118: =IF(ISNA(C97),NA(),C109) -> #N/A | D118: =IF(ISNA(D97),NA(),D109) -> #N/A | E118: =IF(ISNA(E97),NA(),E109) -> #N/A | F118: =IF(ISNA(F97),NA(),F109) -> #N/A | G118: =IF(ISNA(G97),NA(),G109) -> #N/A | H118: =IF(ISNA(H97),NA(),H109) -> #N/A | I118: =IF(ISNA(I97),NA(),I109) -> #N/A | ... AW118: =IF(ISNA(AW97),NA(),AW109) -> #N/A
A119: NRW Target (%) | B119: =IF(ISNA(B99),NA(),B110) -> #N/A | C119: =IF(ISNA(C99),NA(),C110) -> #N/A | D119: =IF(ISNA(D99),NA(),D110) -> #N/A | E119: =IF(ISNA(E99),NA(),E110) -> #N/A | F119: =IF(ISNA(F99),NA(),F110) -> #N/A | G119: =IF(ISNA(G99),NA(),G110) -> #N/A | H119: =IF(ISNA(H99),NA(),H110) -> #N/A | I119: =IF(ISNA(I99),NA(),I110) -> #N/A | ... AW119: =IF(ISNA(AW99),NA(),AW110) -> #N/A
A120: Age of Arrears Target (mo) | B120: =IF(ISNA(B103),NA(),B111) -> #N/A | C120: =IF(ISNA(C103),NA(),C111) -> #N/A | D120: =IF(ISNA(D103),NA(),D111) -> #N/A | E120: =IF(ISNA(E103),NA(),E111) -> #N/A | F120: =IF(ISNA(F103),NA(),F111) -> #N/A | G120: =IF(ISNA(G103),NA(),G111) -> #N/A | H120: =IF(ISNA(H103),NA(),H111) -> #N/A | I120: =IF(ISNA(I103),NA(),I111) -> #N/A | ... AW120: =IF(ISNA(AW103),NA(),AW111) -> #N/A

Sheet Targets
B2: 2025 | F2: 2026
B3: Accra Northeast | C3: Adenta | D3: Dodowa | E3: Agbogba | F3: Accra Northeast | G3: Adenta | H3: Dodowa | I3: Agbogba
A4: Water Sales | B4: 462600 | C4: 305065.74 | D4: 160154.66 | E4: 191833.41 | F4: 435051.09 | G4: 324534.83 | H4: 168298.25 | I4: 228373.42
A5: Billing | B5: 4939537.5 | C5: 3221800.4 | D5: 1711806.9 | E5: 2194859.2 | F5: 6187377.7 | G5: 4241363.7 | H5: 3033176.4 | I5: 2931516.3
A6: Collection | B6: =B5 -> 4939537.5 | C6: =C5 -> 3221800.4 | D6: =D5 -> 1711806.9 | E6: =E5 -> 2194859.2 | F6: =F5 -> 6187377.7 | G6: =G5 -> 4241363.7 | H6: =H5 -> 3033176.4 | I6: =I5 -> 2931516.3
A7: NRW | B7: 42.2 | C7: 35.1 | D7: 38.5 | E7: 29.2 | F7: 42.2 | G7: 35.1 | H7: 38.5 | I7: 29.2
A8: Metering Ratio | B8: 1 | C8: 1 | D8: 1 | E8: 1 | F8: 1 | G8: 1 | H8: 1 | I8: 1
A9: Age of Arrears | B9: 2 | C9: 2 | D9: 2 | E9: 2 | F9: 2 | G9: 2 | H9: 2 | I9: 2

Sheet Customers
A4: CUSTOMERS
A5: DISTRICT | B5: 45292 | C5: 45323 | D5: 45352 | E5: 45383 | F5: 45413 | G5: 45444 | H5: 45474 | I5: 45505 | J5: 45536 | K5: 45566 | L5: 45597 | M5: 45627 | N5: 45658 | O5: 45689 | P5: 45717 | Q5: 45748 | R5: 45778 | S5: 45809 | T5: 45839 | U5: 45870 | V5: 45901 | W5: 45931 | X5: 45962 | Y5: 45992 | Z5: 46023 | AA5: 46054 | AB5: 46082
A6: ACCRA NORTHEAST | B6: 21591 | C6: 21633 | D6: 21578 | E6: 21727 | F6: 21799 | G6: 21930 | H6: 22007 | I6: 22042 | J6: 22066 | K6: 22153 | L6: 22154 | M6: 22260 | N6: 22410 | O6: 22480 | P6: 22564 | Q6: 22643 | R6: 22680 | S6: 22708 | T6: 22862 | U6: 22893 | V6: 22961 | W6: 23043 | X6: 23133 | Y6: 23224 | Z6: 23310 | AA6: 23410 | AB6: 23498
A7: ADENTA | B7: 20371 | C7: 20483 | D7: 20674 | E7: 20765 | F7: 20945 | G7: 21126 | H7: 21301 | I7: 21316 | J7: 21451 | K7: 21515 | L7: 21587 | M7: 21994 | N7: 22184 | O7: 22531 | P7: 22734 | Q7: 22896 | R7: 23075 | S7: 23224 | T7: 23425 | U7: 23738 | V7: 23962 | W7: 24185 | X7: 24417 | Y7: 24508 | Z7: 24622 | AA7: 24777 | AB7: 24894
A8: DODOWA | B8: 7937 | C8: 8360 | D8: 8425 | E8: 8642 | F8: 8726 | G8: 8905 | H8: 9010 | I8: 9010 | J8: 9209 | K8: 9387 | L8: 9485 | M8: 9563 | N8: 9618 | O8: 9765 | P8: 9778 | Q8: 9859 | R8: 9931 | S8: 10077 | T8: 10123 | U8: 10371 | V8: 10632 | W8: 10851 | X8: 10916 | Y8: 11026 | Z8: 11157 | AA8: 11295 | AB8: 11406
A9: AGBOGBA | B9: 11140 | C9: 11221 | D9: 10639 | E9: 11343 | F9: 11369 | G9: 11451 | H9: 11502 | I9: 11542 | J9: 11562 | K9: 11667 | L9: 11728 | M9: 11761 | N9: 11787 | O9: 11893 | P9: 11915 | Q9: 11986 | R9: 12034 | S9: 12108 | T9: 12216 | U9: 12272 | V9: 12343 | W9: 12395 | X9: 12414 | Y9: 12457 | Z9: 12517 | AA9: 12568 | AB9: 12631
A10: TOTAL | B10: 61039 | C10: 61697 | D10: 61316 | E10: 62477 | F10: 62839 | G10: 63412 | H10: 63820 | I10: 63910 | J10: 64288 | K10: 64722 | L10: 64954 | M10: 65578 | N10: 65999 | O10: 66669 | P10: 66991 | Q10: 67384 | R10: 67720 | S10: 68117 | T10: 68626 | U10: 69274 | V10: 69898 | W10: 70474 | X10: 70880 | Y10: 71215 | Z10: 71606 | AA10: 72050 | AB10: 72429
A12: UNBILLED CUSTOMERS
A13: DISTRICT | B13: 45292 | C13: 45323 | D13: 45352 | E13: 45383 | F13: 45413 | G13: 45444 | H13: 45474 | I13: 45505 | J13: 45536 | K13: 45566 | L13: 45597 | M13: 45627 | N13: 45658 | O13: 45689 | P13: 45717 | Q13: 45748 | R13: 45778 | S13: 45809 | T13: 45839 | U13: 45870 | V13: 45901 | W13: 45931 | X13: 45962 | Y13: 45992 | Z13: 46023 | AA13: 46054 | AB13: 46082
A14: ACCRA NORTHEAST | B14: 4698 | C14: 4855 | D14: 4838 | E14: 5056 | F14: 4971 | G14: 5127 | H14: 5061 | I14: 5072 | J14: 5187 | K14: 5240 | L14: 5389 | M14: 5551 | N14: 5608 | O14: 5412 | P14: 4883 | Q14: 5009 | R14: 5031 | S14: 5033 | T14: 4860 | U14: 4961 | V14: 4900 | W14: 4884 | X14: 4897 | Y14: 5072 | Z14: 5051 | AA14: 5040 | AB14: 5030
A15: ADENTA | B15: 1142 | C15: 1135 | D15: 1178 | E15: 1235 | F15: 1232 | G15: 1224 | H15: 1281 | I15: 1175 | J15: 1174 | K15: 1219 | L15: 1327 | M15: 1499 | N15: 1435 | O15: 1434 | P15: 1481 | Q15: 1673 | R15: 1547 | S15: 1533 | T15: 1481 | U15: 1594 | V15: 1540 | W15: 1567 | X15: 1651 | Y15: 1620 | Z15: 1630 | AA15: 1663 | AB15: 1624
A16: DODOWA | B16: 698 | C16: 679 | D16: 675 | E16: 746 | F16: 728 | G16: 850 | H16: 853 | I16: 1039 | J16: 990 | K16: 993 | L16: 1001 | M16: 863 | N16: 843 | O16: 875 | P16: 901 | Q16: 889 | R16: 871 | S16: 890 | T16: 843 | U16: 887 | V16: 867 | W16: 866 | X16: 884 | Y16: 882 | Z16: 978 | AA16: 878 | AB16: 885
A17: AGBOGBA | B17: 1366 | C17: 1419 | D17: 1256 | E17: 1422 | F17: 1484 | G17: 1498 | H17: 1497 | I17: 1469 | J17: 1450 | K17: 1424 | L17: 1508 | M17: 1486 | N17: 1491 | O17: 1503 | P17: 1500 | Q17: 1545 | R17: 1634 | S17: 1525 | T17: 1402 | U17: 1330 | V17: 1250 | W17: 1234 | X17: 1266 | Y17: 1247 | Z17: 1270 | AA17: 1240 | AB17: 1242
A18: TOTAL | B18: 7904 | C18: 8088 | D18: 7947 | E18: 8459 | F18: 8415 | G18: 8699 | H18: 8692 | I18: 8755 | J18: 8801 | K18: 8876 | L18: 9225 | M18: 9399 | N18: 9377 | O18: 9224 | P18: 8765 | Q18: 9116 | R18: 9083 | S18: 8981 | T18: 8586 | U18: 8772 | V18: 8557 | W18: 8551 | X18: 8698 | Y18: 8821 | Z18: 8929 | AA18: 8821 | AB18: 8781
A20: METERING RATIO(%)
A21: DISTRICT | B21: 45292 | C21: 45323 | D21: 45352 | E21: 45383 | F21: 45413 | G21: 45444 | H21: 45474 | I21: 45505 | J21: 45536 | K21: 45566 | L21: 45597 | M21: 45627 | N21: 45658 | O21: 45689 | P21: 45717 | Q21: 45748 | R21: 45778 | S21: 45809 | T21: 45839 | U21: 45870 | V21: 45901 | W21: 45931 | X21: 45962 | Y21: 45992 | Z21: 46023 | AA21: 46054 | AB21: 46082
A22: ACCRA NORTHEAST | B22: 0.95797076 | C22: 0.95994755 | D22: 0.96087216 | E22: 0.96035031 | F22: 0.95846209 | G22: 0.96203059 | H22: 0.96347221 | I22: 0.96517384 | J22: 0.96581551 | K22: 0.96588423 | L22: 0.96659708 | M22: 0.97001616 | N22: 0.97137246 | O22: 0.97158425 | P22: 0.96872349 | Q22: 0.97312163 | R22: 0.97750581 | S22: 0.97572843 | T22: 0.96050439 | U22: 0.95839839 | V22: 0.95177454 | W22: 0.95693595 | X22: 0.9521825 | Y22: 0.94942706 | Z22: 0.94682075 | AA22: 0.94594447 | AB22: 0.93908712
A23: ADENTA | B23: 0.99698372 | C23: 0.99700227 | D23: 0.99702503 | E23: 0.99774706 | F23: 0.99700705 | G23: 0.99688474 | H23: 0.99715285 | I23: 0.99816295 | J23: 0.99743552 | K23: 0.99660032 | L23: 0.99698914 | M23: 0.99736521 | N23: 0.99686732 | O23: 0.99549699 | P23: 0.99440079 | Q23: 0.99378033 | R23: 0.99001301 | S23: 0.98552395 | T23: 0.98286548 | U23: 0.97927204 | V23: 0.97752308 | W23: 0.975021 | X23: 0.97263463 | Y23: 0.97068333 | Z23: 0.96685804 | AA23: 0.96391797 | AB23: 0.96136657
A24: DODOWA | B24: 0.9904683 | C24: 0.98659029 | D24: 0.98412903 | E24: 0.9841692 | F24: 0.98287072 | G24: 0.9839851 | H24: 0.9812431 | I24: 0.98268724 | J24: 0.97919455 | K24: 0.97855611 | L24: 0.98314474 | M24: 0.97666667 | N24: 0.97561254 | O24: 0.97514061 | P24: 0.97589276 | Q24: 0.9754738 | R24: 0.97362031 | S24: 0.96886905 | T24: 0.96142241 | U24: 0.95466048 | V24: 0.95074245 | W24: 0.94812218 | X24: 0.94607257 | Y24: 0.94430205 | Z24: 0.94341291 | AA24: 0.93913795 | AB24: 0.94021481
A25: AGBOGBA | B25: 0.91886638 | C25: 0.91971026 | D25: 0.91495257 | E25: 0.93236569 | F25: 0.92776935 | G25: 0.9359992 | H25: 0.93863068 | I25: 0.93983917 | J25: 0.94333465 | K25: 0.93849458 | L25: 0.94579256 | M25: 0.94608273 | N25: 0.93939394 | O25: 0.93724735 | P25: 0.93682189 | Q25: 0.94205536 | R25: 0.94279946 | S25: 0.9315884 | T25: 0.92435731 | U25: 0.91829647 | V25: 0.91345894 | W25: 0.91335902 | X25: 0.9098493 | Y25: 0.9103479 | Z25: 0.90326309 | AA25: 0.89698093 | AB25: 0.89560102
A26: TOTAL | B26: 0.96932342 | C26: 0.96978119 | D26: 0.96938298 | E26: 0.97221297 | F26: 0.97043584 | G26: 0.97320564 | H26: 0.97382455 | I26: 0.97512465 | J26: 0.97525547 | K26: 0.9739283 | L26: 0.97634984 | M26: 0.97664608 | N26: 0.9755572 | O26: 0.97470624 | P26: 0.97348264 | Q26: 0.97544149 | R26: 0.97534064 | S26: 0.97035647 | T26: 0.96230846 | U26: 0.95819973 | V26: 0.95409344 | W26: 0.95426652 | X26: 0.95109517 | Y26: 0.94937013 | Z26: 0.94580149 | AA26: 0.94262127 | AB26: 0.9396377

Sheet Billing & Collection
A3: TOTAL SALES(m3)
A4: DISTRICT | B4: 45292 | C4: 45323 | D4: 45352 | E4: 45383 | F4: 45413 | G4: 45444 | H4: 45474 | I4: 45505 | J4: 45536 | K4: 45566 | L4: 45597 | M4: 45627 | N4: 2024 Total | O4: 45658 | P4: 45689 | Q4: 45717 | R4: 45748 | S4: 45778 | T4: 45809 | U4: 45839 | V4: 45870 | W4: 45901 | X4: 45931 | Y4: 45962 | Z4: 45992 | AA4: 2025 Total | AB4: 46023 | AC4: 46054 | AD4: 46082 | AE4: 2026 Q1 Total
A5: ACCRA NORTHEAST | B5: 412173 | C5: 398334 | D5: 381159 | E5: 415800 | F5: 367747 | G5: 382986 | H5: 374590 | I5: 392853 | J5: 368950 | K5: 401314 | L5: 388369 | M5: 376002 | N5: =SUM(B5:M5) -> 4660277 | O5: 425186 | P5: 379817 | Q5: 409323 | R5: 381930 | S5: 385465 | T5: 397448 | U5: 326771 | V5: 357605 | W5: 397302.87 | X5: 396867 | Y5: 417772 | Z5: 388056 | AA5: =SUM(O5:Z5) -> 4663542.9 | AB5: 425326 | AC5: 392393 | AD5: 389624 | AE5: =SUM(AB5:AD5) -> 1207343
A6: ADENTA | B6: 352291 | C6: 270020 | D6: 280064 | E6: 282893 | F6: 255040 | G6: 272062 | H6: 246715 | I6: 277318 | J6: 256719 | K6: 257341 | L6: 299957 | M6: 249730 | N6: =SUM(B6:M6) -> 3300150 | O6: 337351 | P6: 292503 | Q6: 289603 | R6: 272703 | S6: 298376 | T6: 279813 | U6: 221569 | V6: 300432 | W6: 275556 | X6: 321512 | Y6: 305633 | Z6: 283807 | AA6: =SUM(O6:Z6) -> 3478858 | AB6: 385085 | AC6: 309683 | AD6: 307220 | AE6: =SUM(AB6:AD6) -> 1001988
A7: DODOWA | B7: 132357 | C7: 138760 | D7: 136080 | E7: 142684 | F7: 140465 | G7: 130980 | H7: 121991 | I7: 124574 | J7: 137112 | K7: 135270 | L7: 149186 | M7: 133357 | N7: =SUM(B7:M7) -> 1622816 | O7: 169549 | P7: 151520 | Q7: 157163 | R7: 148910 | S7: 161638 | T7: 152229 | U7: 106188 | V7: 140013 | W7: 140647 | X7: 164273 | Y7: 159223 | Z7: 152725 | AA7: =SUM(O7:Z7) -> 1804078 | AB7: 179351 | AC7: 161662 | AD7: 151594 | AE7: =SUM(AB7:AD7) -> 492607
A8: AGBOGBA | B8: 208009 | C8: 199030 | D8: 179802 | E8: 198138 | F8: 255142 | G8: 206259 | H8: 196494 | I8: 207708 | J8: 191859 | K8: 197266 | L8: 206389 | M8: 188805 | N8: =SUM(B8:M8) -> 2434901 | O8: 232664 | P8: 207604 | Q8: 202680 | R8: 198094 | S8: 202187 | T8: 212135 | U8: 169770 | V8: 208316 | W8: 203169 | X8: 204949 | Y8: 209379 | Z8: 197108 | AA8: =SUM(O8:Z8) -> 2448055 | AB8: 223020 | AC8: 205740 | AD8: 205755 | AE8: =SUM(AB8:AD8) -> 634515
A9: TOTAL | B9: 1104830 | C9: 1006144 | D9: 977105 | E9: 1039515 | F9: 1018394 | G9: 992287 | H9: 939790 | I9: 1002453 | J9: 954640 | K9: 991191 | L9: 1043901 | M9: 947894 | N9: =SUM(B9:M9) -> 12018144 | O9: 1164750 | P9: 1031444 | Q9: 1058769 | R9: 1001637 | S9: 1047666 | T9: 1041625 | U9: 824298 | V9: 1006366 | W9: 1016674.9 | X9: 1087601 | Y9: 1092007 | Z9: 1021696 | AA9: =SUM(O9:Z9) -> 12394534 | AB9: 1212782 | AC9: 1069478 | AD9: 1054193 | AE9: =SUM(AB9:AD9) -> 3336453
A11: BILLING(GHS)
B12: 45292 | C12: 45323 | D12: 45352 | E12: 45383 | F12: 45413 | G12: 45444 | H12: 45474 | I12: 45505 | J12: 45536 | K12: 45566 | L12: 45597 | M12: 45627 | N12: 2024 Total | O12: 45658 | P12: 45689 | Q12: 45717 | R12: 45748 | S12: 45778 | T12: 45809 | U12: 45839 | V12: 45870 | W12: 45901 | X12: 45931 | Y12: 45962 | Z12: 45992 | AA12: 2025 Total | AB12: 46023 | AC12: 46054 | AD12: 46082 | AE12: 2026 Q1 Total
A13: ACCRA NORTHEAST | B13: 4476806 | C13: 4277321 | D13: 4083691.3 | E13: 4527187.5 | F13: 3944031.1 | G13: 4084479 | H13: 4227661.9 | I13: 4435892.6 | J13: 4132600.4 | K13: 4617984.4 | L13: 4450100.1 | M13: 4283723.9 | N13: =SUM(B13:M13) -> 51541479 | O13: 4791405.2 | P13: 4364504.7 | Q13: 4607953.2 | R13: 4372945.5 | S13: 4559707.9 | T13: 4691285.8 | U13: 3890951.8 | V13: 4259936.8 | W13: 4717622.1 | X13: 4694424.4 | Y13: 4950004.8 | Z13: 4567852.7 | AA13: =SUM(O13:Z13) -> 54468595 | AB13: 5774412.6 | AC13: 5394056.2 | AD13: 5433838.2 | AE13: =SUM(AB13:AD13) -> 16602307
A14: ADENTA | B14: 4415837.9 | C14: 2647433.4 | D14: 2717970 | E14: 2776734.9 | F14: 2500444.3 | G14: 2668481.1 | H14: 2542275.5 | I14: 2844430.2 | J14: 2647415.1 | K14: 2699018.1 | L14: 3142201 | M14: 2621924.9 | N14: =SUM(B14:M14) -> 34224166 | O14: 3522924.7 | P14: 3100255.1 | Q14: 3077762.6 | R14: 2934222 | S14: 3317458.1 | T14: 3073347.5 | U14: 2453853.6 | V14: 3324877.2 | W14: 3076423.8 | X14: 3577698.3 | Y14: 3355288.2 | Z14: 3195444.7 | AA14: =SUM(O14:Z14) -> 38009556 | AB14: 5022576.5 | AC14: 4037523.5 | AD14: 4094371 | AE14: =SUM(AB14:AD14) -> 13154471
A15: DODOWA | B15: 1688979.6 | C15: 1834924.5 | D15: 1729609.4 | E15: 1889676.9 | F15: 1887294.9 | G15: 1766879.8 | H15: 1703688.5 | I15: 1786756.9 | J15: 1873438.4 | K15: 1961924.3 | L15: 2061572.5 | M15: 1960529.5 | N15: =SUM(B15:M15) -> 22145275 | O15: 2330063.5 | P15: 2101937.6 | Q15: 2379038.4 | R15: 2149167.1 | S15: 2619743.1 | T15: 2278002.8 | U15: 1693408.4 | V15: 1819522.1 | W15: 2071348.5 | X15: 2368261.2 | Y15: 2387408.7 | Z15: 2318333 | AA15: =SUM(O15:Z15) -> 26516234 | AB15: 3071356.1 | AC15: 2894853.5 | AD15: 2568848.3 | AE15: =SUM(AB15:AD15) -> 8535057.9
A16: AGBOGBA | B16: 2073429.3 | C16: 1990961.7 | D16: 1780712.6 | E16: 1988156.8 | F16: 2676519 | G16: 2038683.9 | H16: 2040677.1 | I16: 2179419.5 | J16: 1987944 | K16: 2069715.7 | L16: 2174028.7 | M16: 1984908.1 | N16: =SUM(B16:M16) -> 24985157 | O16: 2441943.2 | P16: 2195890.4 | Q16: 2115578.1 | R16: 2071133.6 | S16: 2191231.8 | T16: 2320084.5 | U16: 1859416.8 | V16: 2271361.6 | W16: 2226270.2 | X16: 2234368.2 | Y16: 2273658.3 | Z16: 2171844.5 | AA16: =SUM(O16:Z16) -> 26372781 | AB16: 2796488.2 | AC16: 2609615.1 | AD16: 2621258.5 | AE16: =SUM(AB16:AD16) -> 8027361.8
A17: TOTAL | B17: 12655053 | C17: 10750640 | D17: 10311983 | E17: 11181756 | F17: 11008289 | G17: 10558524 | H17: 10514303 | I17: 11246499 | J17: 10641398 | K17: 11348643 | L17: 11827902 | M17: 10851086 | N17: =SUM(B17:M17) -> 1.3289608e+08 | O17: 13086337 | P17: 11762588 | Q17: 12180332 | R17: 11527468 | S17: 12688141 | T17: 12362721 | U17: 9897630.6 | V17: 11675698 | W17: 12091665 | X17: 12874752 | Y17: 12966360 | Z17: 12253475 | AA17: =SUM(O17:Z17) -> 1.4536717e+08 | AB17: 16664833 | AC17: 14936048 | AD17: 14718316 | AE17: =SUM(AB17:AD17) -> 46319198
A19: COLLECTION(GHS)
B20: 45292 | C20: 45323 | D20: 45352 | E20: 45383 | F20: 45413 | G20: 45444 | H20: 45474 | I20: 45505 | J20: 45536 | K20: 45566 | L20: 45597 | M20: 45627 | N20: 2024 Total | O20: 45658 | P20: 45689 | Q20: 45717 | R20: 45748 | S20: 45778 | T20: 45809 | U20: 45839 | V20: 45870 | W20: 45901 | X20: 45931 | Y20: 45962 | Z20: 45992 | AA20: 2025 Total | AB20: 46023 | AC20: 46054 | AD20: 46082 | AE20: 2026 Q1 Total
A21: ACCRA NORTHEAST | B21: 4320463.5 | C21: 4033174.2 | D21: 4022788.8 | E21: 19660860 | F21: 4392258.4 | G21: 3764467.2 | H21: 3953300.4 | I21: 3992082.3 | J21: 3544672.4 | K21: 4929776.9 | L21: 3740989.2 | M21: 4080794.1 | N21: =SUM(B21:M21) -> 64435627 | O21: 3915695.8 | P21: 4047955.8 | Q21: 3845322.9 | R21: 3786802 | S21: 4167582.1 | T21: 3762389.9 | U21: 4152382.8 | V21: 3615514.9 | W21: 4142996.9 | X21: 4269725.5 | Y21: 3697845.1 | Z21: 4434044.8 | AA21: =SUM(O21:Z21) -> 47838258 | AB21: 4332767.9 | AC21: 4496230 | AD21: 5028576.6 | AE21: =SUM(AB21:AD21) -> 13857574
A22: ADENTA | B22: 2331260 | C22: 2503962.1 | D22: 2386370.1 | E22: 3211800.4 | F22: 2745593.6 | G22: 2628822.2 | H22: 2615328.3 | I22: 2629563.7 | J22: 2436104.4 | K22: 2852937.7 | L22: 2394513.4 | M22: 2784652.4 | N22: =SUM(B22:M22) -> 31520908 | O22: 2580043.2 | P22: 2800279.9 | Q22: 2956882.7 | R22: 2756642.1 | S22: 2960040.2 | T22: 2742365.7 | U22: 2999365.5 | V22: 2911307.7 | W22: 3271085.4 | X22: 3138167.3 | Y22: 3234917.3 | Z22: 3285348.4 | AA22: =SUM(O22:Z22) -> 35636445 | AB22: 3292347.3 | AC22: 3933765.8 | AD22: 3963172.5 | AE22: =SUM(AB22:AD22) -> 11189286
A23: DODOWA | B23: 1652715.9 | C23: 1963154.8 | D23: 1526293.8 | E23: 2300729.9 | F23: 1858076.7 | G23: 1823683.4 | H23: 1926503 | I23: 1710493.8 | J23: 1618207.1 | K23: 1843230.5 | L23: 1766702.7 | M23: 1788481.7 | N23: =SUM(B23:M23) -> 21778273 | O23: 2067017.3 | P23: 1944471 | Q23: 2028265.6 | R23: 2234485.6 | S23: 2026541.2 | T23: 2318458 | U23: 2298833.6 | V23: 1985831.7 | W23: 1742171.3 | X23: 2026785.4 | Y23: 2078259.7 | Z23: 2247365.5 | AA23: =SUM(O23:Z23) -> 24998486 | AB23: 2230554.6 | AC23: 2599721.7 | AD23: 2766945.1 | AE23: =SUM(AB23:AD23) -> 7597221.3
A24: AGBOGBA | B24: 1858460.8 | C24: 1760372.8 | D24: 1618521.9 | E24: 6259903.2 | F24: 2102793.3 | G24: 1738053.4 | H24: 1810958.7 | I24: 1854276.1 | J24: 1763976.7 | K24: 2038082.3 | L24: 1657760.7 | M24: 1690071.4 | N24: =SUM(B24:M24) -> 26153231 | O24: 1919674.5 | P24: 1928066.5 | Q24: 2002944.7 | R24: 1881641 | S24: 1968940.5 | T24: 1977835.6 | U24: 2068505.7 | V24: 2210700.8 | W24: 2342013.7 | X24: 2441448.1 | Y24: 2149501.5 | Z24: 2387870.6 | AA24: =SUM(O24:Z24) -> 25279143 | AB24: 2228292 | AC24: 2275624.2 | AD24: 2608444.5 | AE24: =SUM(AB24:AD24) -> 7112360.7
A25: TOTAL | B25: 10162900 | C25: 10260664 | D25: 9553974.5 | E25: 31433293 | F25: 11098722 | G25: 9955026.3 | H25: 10306090 | I25: 10186416 | J25: 9362960.6 | K25: 11664027 | L25: 9559966.1 | M25: 10344000 | N25: =SUM(B25:M25) -> 1.4388804e+08 | O25: 10482431 | P25: 10720773 | Q25: 10833416 | R25: 10659571 | S25: 11123104 | T25: 10801049 | U25: 11519088 | V25: 10723355 | W25: 11498267 | X25: 11876126 | Y25: 11160524 | Z25: 12354629 | AA25: =SUM(O25:Z25) -> 1.3375233e+08 | AB25: 12083962 | AC25: 13305342 | AD25: 14367139 | AE25: =SUM(AB25:AD25) -> 39756442
A27: COLLECTION RATIO(%)
B28: 45292 | C28: 45323 | D28: 45352 | E28: 45383 | F28: 45413 | G28: 45444 | H28: 45474 | I28: 45505 | J28: 45536 | K28: 45566 | L28: 45597 | M28: 45627 | N28: 2024 Total | O28: 45658 | P28: 45689 | Q28: 45717 | R28: 45748 | S28: 45778 | T28: 45809 | U28: 45839 | V28: 45870 | W28: 45901 | X28: 45931 | Y28: 45962 | Z28: 45992 | AA28: 2025 Total | AB28: 46023 | AC28: 46054 | AD28: 46082 | AE28: 2026 Q1 Total
A29: ACCRA NORTHEAST | B29: 96.507723 | C29: 94.292063 | D29: 98.50864 | E29: 434.28419 | F29: 111.3647 | G29: 92.165174 | H29: 93.510324 | I29: 89.995016 | J29: 85.773412 | K29: 106.7517 | L29: 84.065283 | M29: 95.262771 | N29: =SUM(B29:M29)/12 -> 123.54008 | O29: 81.723328 | P29: 92.747198 | Q29: 83.449695 | R29: 86.59614 | S29: 91.400198 | T29: 80.199547 | U29: 106.71895 | V29: 84.872501 | W29: 87.819601 | X29: 90.95312 | Y29: 74.703869 | Z29: 97.07066 | AA29: =SUM(O29:Z29)/12 -> 88.1879 | AB29: 75.033915 | AC29: 83.355268 | AD29: 92.541891 | AE29: =SUM(AA29:AD29)/3 -> 113.03966
A30: ADENTA | B30: 52.793152 | C30: 94.580741 | D30: 87.799721 | E30: 115.66824 | F30: 109.80423 | G30: 98.513804 | H30: 102.87352 | I30: 92.44606 | J30: 92.018226 | K30: 105.7028 | L30: 76.204972 | M30: 106.20642 | N30: =SUM(B30:M30)/12 -> 94.55099 | O30: 73.235833 | P30: 90.324176 | Q30: 96.072476 | R30: 93.947974 | S30: 89.226152 | T30: 89.230578 | U30: 122.23083 | V30: 87.561359 | W30: 106.32753 | X30: 87.714698 | Y30: 96.412501 | Z30: 102.81349 | AA30: =SUM(O30:Z30)/12 -> 94.591467 | AB30: 65.550964 | AC30: 97.430166 | AD30: 96.795637 | AE30: =SUM(AA30:AD30)/3 -> 118.12274 | AG30: Sum of Dec-2024 | AH30: Sum of Nov-2024 | AI30: Sum of Oct-2024 | AJ30: Sum of Sep-2024 | AK30: Sum of Aug-2024 | AL30: Sum of Jul-2024 | AM30: Sum of Jun-2024 | AN30: Sum of May-2024 | AO30: Sum of Apr-2024 | AP30: Sum of Feb-2024 | AQ30: Sum of Jan-2024 | AR30: Sum of Mar-2024
A31: DODOWA | B31: 97.852921 | C31: 106.98831 | D31: 88.244996 | E31: 121.75256 | F31: 98.451847 | G31: 103.21491 | H31: 113.07836 | I31: 95.731755 | J31: 86.376317 | K31: 93.950134 | L31: 85.696852 | M31: 91.224418 | N31: =SUM(B31:M31)/12 -> 98.546948 | O31: 88.710771 | P31: 92.508502 | Q31: 85.25569 | R31: 103.96984 | S31: 77.356485 | T31: 101.77591 | U31: 135.75187 | V31: 109.14029 | W31: 84.108074 | X31: 85.581161 | Y31: 87.050857 | Z31: 96.938859 | AA31: =SUM(O31:Z31)/12 -> 95.679026 | AB31: 72.624421 | AC31: 89.804947 | AD31: 107.7115 | AE31: =SUM(AA31:AD31)/3 -> 121.93997 | AG31: 1895788 | AH31: 2087802 | AI31: 1982382 | AJ31: 1909280 | AK31: 2004906 | AL31: 1879580 | AM31: 1984574 | AN31: 2036788 | AO31: 2079030 | AP31: 2012288 | AQ31: 2209660 | AR31: 1954210
A32: AGBOGBA | B32: 89.632222 | C32: 88.418218 | D32: 90.891804 | E32: 314.85963 | F32: 78.56448 | G32: 85.253697 | H32: 88.743028 | I32: 85.081192 | J32: 88.733721 | K32: 98.471605 | L32: 76.252935 | M32: 85.146077 | N32: =SUM(B32:M32)/12 -> 105.83738 | O32: 78.612579 | P32: 87.803404 | Q32: 94.675994 | R32: 90.850782 | S32: 89.855417 | T32: 85.248428 | U32: 111.24486 | V32: 97.32932 | W32: 105.19898 | X32: 109.26794 | Y32: 94.539336 | Z32: 109.94667 | AA32: =SUM(O32:Z32)/12 -> 96.214477 | AB32: 79.681794 | AC32: 87.20153 | AD32: 99.511149 | AE32: =SUM(AA32:AD32)/3 -> 120.86965
A33: TOTAL | B33: 80.307055 | C33: 95.44235 | D33: 92.649242 | E33: 281.11231 | F33: 100.8215 | G33: 94.284262 | H33: 98.019719 | I33: 90.574103 | J33: 87.98619 | K33: 102.77905 | L33: 80.825541 | M33: 95.326856 | N33: =SUM(B33:M33)/12 -> 108.34401 | O33: 80.102103 | P33: 91.142981 | Q33: 88.941874 | R33: 92.471049 | S33: 87.665356 | T33: 87.367899 | U33: 116.38227 | V33: 91.843378 | W33: 95.092509 | X33: 92.243534 | Y33: 86.072912 | Z33: 100.82552 | AA33: =SUM(O33:Z33)/12 -> 92.512616 | AB33: 72.511746 | AC33: 89.082075 | AD33: 97.614011 | AE33: =SUM(AA33:AD33)/3 -> 117.24015
A35: ARREARS(GHS)
B36: 45292 | C36: 45323 | D36: 45352 | E36: 45383 | F36: 45413 | G36: 45444 | H36: 45474 | I36: 45505 | J36: 45536 | K36: 45566 | L36: 45597 | M36: 45627 | N36: 2024 Total | O36: 45658 | P36: 45689 | Q36: 45717 | R36: 45748 | S36: 45778 | T36: 45809 | U36: 45839 | V36: 45870 | W36: 45901 | X36: 45931 | Y36: 45962 | Z36: 45992 | AA36: 2025 Total | AB36: 46023 | AC36: 46054 | AD36: 46082 | AE36: 2026 Q1 Total
A37: ACCRA NORTHEAST | B37: 39239075 | C37: 39490971 | D37: 39579858 | E37: 24407551 | F37: 23877268 | G37: 24197337 | H37: 24440418 | I37: 24860111 | J37: 24788662 | K37: 24354197 | L37: 25053499 | M37: 25210342 | N37: =SUM(B37:M37) -> 3.3949929e+08 | O37: 26004312 | P37: 26310958 | Q37: 27050344 | R37: 27637191 | S37: 28010076 | T37: 28935999 | U37: 28623482 | V37: 29220233 | W37: 29740317 | X37: 30085833 | Y37: 31314606 | Z37: 31388236 | AA37: =SUM(O37:Z37) -> 3.4432159e+08 | AB37: 32806895 | AC37: 33619690 | AD37: 33976662 | AE37: =SUM(AB37:AD37) -> 1.0040325e+08
A38: ADENTA | B38: 18962036 | C38: 19100412 | D38: 19409778 | E38: 18939210 | F38: 18637453 | G38: 18659172 | H38: 18389679 | I38: 18571324 | J38: 18033571 | K38: 16266109 | L38: 17006520 | M38: 16804269 | N38: =SUM(B38:M38) -> 2.1877953e+08 | O38: 17670451 | P38: 17957954 | Q38: 18037969 | R38: 18204803 | S38: 18502302 | T38: 18808851 | U38: 18246482 | V38: 18653103 | W38: 18457776 | X38: 18841033 | Y38: 18910253 | Z38: 18776870 | AA38: =SUM(O38:Z38) -> 2.2106785e+08 | AB38: 20582579 | AC38: 20679805 | AD38: 20781618 | AE38: =SUM(AB38:AD38) -> 62044001
A39: DODOWA | B39: 8502870.4 | C39: 8570483.9 | D39: 8932355.1 | E39: 8509153.7 | F39: 8533332.5 | G39: 8528929.1 | H39: 8254725.5 | I39: 8322730 | J39: 8589107.9 | K39: 8698364.2 | L39: 8984701.9 | M39: 9152298.4 | N39: =SUM(B39:M39) -> 1.0357905e+08 | O39: 9413056.2 | P39: 9566071.3 | Q39: 9910451 | R39: 9820681 | S39: 10409253 | T39: 10360858 | U39: 9750803 | V39: 9579863.4 | W39: 9903410.7 | X39: 10214239 | Y39: 10518758 | Z39: 10578156 | AA39: =SUM(O39:Z39) -> 1.200256e+08 | AB39: 11419318 | AC39: 11709149 | AD39: 11505745 | AE39: =SUM(AB39:AD39) -> 34634211
A40: AGBOGBA | B40: 17286793 | C40: 17477103 | D40: 17576923 | E40: 13218138 | F40: 13752396 | G40: 14022611 | H40: 14168318 | I40: 14382266 | J40: 13955427 | K40: 13983671 | L40: 14432494 | M40: 14708786 | N40: =SUM(B40:M40) -> 1.7896493e+08 | O40: 15244222 | P40: 15453100 | Q40: 15506665 | R40: 15654545 | S40: 15872052 | T40: 16140634 | U40: 15903210 | V40: 15898214 | W40: 15774372 | X40: 15544089 | Y40: 15656782 | Z40: 15411865 | AA40: =SUM(O40:Z40) -> 1.8805975e+08 | AB40: 15950751 | AC40: 16280086 | AD40: 16287159 | AE40: =SUM(AB40:AD40) -> 48517996
A41: TOTAL | B41: 83990775 | C41: 84638970 | D41: 85498914 | E41: 65074054 | F41: 64800450 | G41: 65408050 | H41: 65253140 | I41: 66136431 | J41: 65366768 | K41: 63302342 | L41: 65477216 | M41: 65875696 | N41: =SUM(B41:M41) -> 8.408228e+08 | O41: 68332042 | P41: 69288083 | Q41: 70505429 | R41: 71317220 | S41: 72793682 | T41: 74246343 | U41: 72523977 | V41: 73351413 | W41: 73875876 | X41: 74685194 | Y41: 76400398 | Z41: 76155127 | AA41: =SUM(O41:Z41) -> 8.7347478e+08 | AB41: 80759543 | AC41: 82288729 | AD41: 82551184 | AE41: =SUM(AB41:AD41) -> 2.4559946e+08
A43: AVERAGE TARIFF (GHS/m3)
B44: 45292 | C44: 45323 | D44: 45352 | E44: 45383 | F44: 45413 | G44: 45444 | H44: 45474 | I44: 45505 | J44: 45536 | K44: 45566 | L44: 45597 | M44: 45627 | N44: 2024 Total | O44: 45658 | P44: 45689 | Q44: 45717 | R44: 45748 | S44: 45778 | T44: 45809 | U44: 45839 | V44: 45870 | W44: 45901 | X44: 45931 | Y44: 45962 | Z44: 45992 | AA44: 2025 Total | AB44: 46023 | AC44: 46054 | AD44: 46082 | AE44: 2026 Q1 Total
A45: ACCRA NORTHEAST | B45: ='Billing & Collection'!B13/'Billing & Collection'!B5 -> 10.861473 | C45: ='Billing & Collection'!C13/'Billing & Collection'!C5 -> 10.738026 | D45: ='Billing & Collection'!D13/'Billing & Collection'!D5 -> 10.713879 | E45: ='Billing & Collection'!E13/'Billing & Collection'!E5 -> 10.887897 | F45: ='Billing & Collection'!F13/'Billing & Collection'!F5 -> 10.724849 | G45: ='Billing & Collection'!G13/'Billing & Collection'!G5 -> 10.664826 | H45: ='Billing & Collection'!H13/'Billing & Collection'!H5 -> 11.286105 | I45: ='Billing & Collection'!I13/'Billing & Collection'!I5 -> 11.291482 | ... M45: ='Billing & Collection'!M13/'Billing & Collection'!M5 -> 11.392822 | N45: =(SUM(B45:M45)/12) -> 11.060661 | O45: ='Billing & Collection'!O13/'Billing & Collection'!O5 -> 11.268963 | P45: ='Billing & Collection'!P13/'Billing & Collection'!P5 -> 11.491073 | Q45: ='Billing & Collection'!Q13/'Billing & Collection'!Q5 -> 11.257499 | R45: ='Billing & Collection'!R13/'Billing & Collection'!R5 -> 11.449599 | S45: ='Billing & Collection'!S13/'Billing & Collection'!S5 -> 11.82911 | T45: ='Billing & Collection'!T13/'Billing & Collection'!T5 -> 11.803521 | U45: ='Billing & Collection'!U13/'Billing & Collection'!U5 -> 11.907274 | V45: ='Billing & Collection'!V13/'Billing & Collection'!V5 -> 11.912408 | ... Z45: ='Billing & Collection'!Z13/'Billing & Collection'!Z5 -> 11.771117 | AA45: =SUM(O45:Z45)/12 -> 11.686831 | AB45: ='Billing & Collection'!AB13/'Billing & Collection'!AB5 -> 13.576439 | AC45: ='Billing & Collection'!AC13/'Billing & Collection'!AC5 -> 13.746566 | AD45: ='Billing & Collection'!AD13/'Billing & Collection'!AD5 -> 13.946364 | AE45: =SUM(AB45:AD45)/3 -> 13.756456
A46: ADENTA | B46: ='Billing & Collection'!B14/'Billing & Collection'!B6 -> 12.534632 | C46: ='Billing & Collection'!C14/'Billing & Collection'!C6 -> 9.8045827 | D46: ='Billing & Collection'!D14/'Billing & Collection'!D6 -> 9.7048175 | E46: ='Billing & Collection'!E14/'Billing & Collection'!E6 -> 9.8154951 | F46: ='Billing & Collection'!F14/'Billing & Collection'!F6 -> 9.804126 | G46: ='Billing & Collection'!G14/'Billing & Collection'!G6 -> 9.8083566 | H46: ='Billing & Collection'!H14/'Billing & Collection'!H6 -> 10.304503 | I46: ='Billing & Collection'!I14/'Billing & Collection'!I6 -> 10.256926 | ... M46: ='Billing & Collection'!M14/'Billing & Collection'!M6 -> 10.499038 | N46: =(SUM(B46:M46)/12) -> 10.317382 | O46: ='Billing & Collection'!O14/'Billing & Collection'!O6 -> 10.442906 | P46: ='Billing & Collection'!P14/'Billing & Collection'!P6 -> 10.599054 | Q46: ='Billing & Collection'!Q14/'Billing & Collection'!Q6 -> 10.627523 | R46: ='Billing & Collection'!R14/'Billing & Collection'!R6 -> 10.759771 | S46: ='Billing & Collection'!S14/'Billing & Collection'!S6 -> 11.118381 | T46: ='Billing & Collection'!T14/'Billing & Collection'!T6 -> 10.983576 | U46: ='Billing & Collection'!U14/'Billing & Collection'!U6 -> 11.074896 | V46: ='Billing & Collection'!V14/'Billing & Collection'!V6 -> 11.066988 | ... Z46: ='Billing & Collection'!Z14/'Billing & Collection'!Z6 -> 11.259217 | AA46: =SUM(O46:Z46)/12 -> 10.933552 | AB46: ='Billing & Collection'!AB14/'Billing & Collection'!AB6 -> 13.042774 | AC46: ='Billing & Collection'!AC14/'Billing & Collection'!AC6 -> 13.037601 | AD46: ='Billing & Collection'!AD14/'Billing & Collection'!AD6 -> 13.327163 | AE46: =SUM(AB46:AD46)/3 -> 13.135846
A47: DODOWA | B47: ='Billing & Collection'!B15/'Billing & Collection'!B7 -> 12.760788 | C47: ='Billing & Collection'!C15/'Billing & Collection'!C7 -> 13.223728 | D47: ='Billing & Collection'!D15/'Billing & Collection'!D7 -> 12.71024 | E47: ='Billing & Collection'!E15/'Billing & Collection'!E7 -> 13.24379 | F47: ='Billing & Collection'!F15/'Billing & Collection'!F7 -> 13.436051 | G47: ='Billing & Collection'!G15/'Billing & Collection'!G7 -> 13.489691 | H47: ='Billing & Collection'!H15/'Billing & Collection'!H7 -> 13.96569 | I47: ='Billing & Collection'!I15/'Billing & Collection'!I7 -> 14.342936 | ... M47: ='Billing & Collection'!M15/'Billing & Collection'!M7 -> 14.701362 | N47: =(SUM(B47:M47)/12) -> 13.655034 | O47: ='Billing & Collection'!O15/'Billing & Collection'!O7 -> 13.742714 | P47: ='Billing & Collection'!P15/'Billing & Collection'!P7 -> 13.872344 | Q47: ='Billing & Collection'!Q15/'Billing & Collection'!Q7 -> 15.137395 | R47: ='Billing & Collection'!R15/'Billing & Collection'!R7 -> 14.432658 | S47: ='Billing & Collection'!S15/'Billing & Collection'!S7 -> 16.20747 | T47: ='Billing & Collection'!T15/'Billing & Collection'!T7 -> 14.964316 | U47: ='Billing & Collection'!U15/'Billing & Collection'!U7 -> 15.947267 | V47: ='Billing & Collection'!V15/'Billing & Collection'!V7 -> 12.995379 | ... Z47: ='Billing & Collection'!Z15/'Billing & Collection'!Z7 -> 15.179787 | AA47: =SUM(O47:Z47)/12 -> 14.718113 | AB47: ='Billing & Collection'!AB15/'Billing & Collection'!AB7 -> 17.124834 | AC47: ='Billing & Collection'!AC15/'Billing & Collection'!AC7 -> 17.906828 | AD47: ='Billing & Collection'!AD15/'Billing & Collection'!AD7 -> 16.94558 | AE47: =SUM(AB47:AD47)/3 -> 17.325747
A48: AGBOGBA | B48: ='Billing & Collection'!B16/'Billing & Collection'!B8 -> 9.9679789 | C48: ='Billing & Collection'!C16/'Billing & Collection'!C8 -> 10.003324 | D48: ='Billing & Collection'!D16/'Billing & Collection'!D8 -> 9.9037421 | E48: ='Billing & Collection'!E16/'Billing & Collection'!E8 -> 10.034203 | F48: ='Billing & Collection'!F16/'Billing & Collection'!F8 -> 10.490311 | G48: ='Billing & Collection'!G16/'Billing & Collection'!G8 -> 9.8840969 | H48: ='Billing & Collection'!H16/'Billing & Collection'!H8 -> 10.385442 | I48: ='Billing & Collection'!I16/'Billing & Collection'!I8 -> 10.492708 | ... M48: ='Billing & Collection'!M16/'Billing & Collection'!M8 -> 10.513006 | N48: =(SUM(B48:M48)/12) -> 10.255162 | O48: ='Billing & Collection'!O16/'Billing & Collection'!O8 -> 10.495578 | P48: ='Billing & Collection'!P16/'Billing & Collection'!P8 -> 10.577303 | Q48: ='Billing & Collection'!Q16/'Billing & Collection'!Q8 -> 10.438021 | R48: ='Billing & Collection'!R16/'Billing & Collection'!R8 -> 10.455307 | S48: ='Billing & Collection'!S16/'Billing & Collection'!S8 -> 10.837649 | T48: ='Billing & Collection'!T16/'Billing & Collection'!T8 -> 10.93683 | U48: ='Billing & Collection'!U16/'Billing & Collection'!U8 -> 10.952564 | V48: ='Billing & Collection'!V16/'Billing & Collection'!V8 -> 10.903443 | ... Z48: ='Billing & Collection'!Z16/'Billing & Collection'!Z8 -> 11.01855 | AA48: =SUM(O48:Z48)/12 -> 10.777841 | AB48: ='Billing & Collection'!AB16/'Billing & Collection'!AB8 -> 12.539181 | AC48: ='Billing & Collection'!AC16/'Billing & Collection'!AC8 -> 12.684043 | AD48: ='Billing & Collection'!AD16/'Billing & Collection'!AD8 -> 12.739708 | AE48: =SUM(AB48:AD48)/3 -> 12.654311
A49: REGIONAL AVERAGE | B49: ='Billing & Collection'!B17/'Billing & Collection'!B9 -> 11.454299 | C49: ='Billing & Collection'!C17/'Billing & Collection'!C9 -> 10.684992 | D49: ='Billing & Collection'!D17/'Billing & Collection'!D9 -> 10.553608 | E49: ='Billing & Collection'!E17/'Billing & Collection'!E9 -> 10.756705 | F49: ='Billing & Collection'!F17/'Billing & Collection'!F9 -> 10.80946 | G49: ='Billing & Collection'!G17/'Billing & Collection'!G9 -> 10.640595 | H49: ='Billing & Collection'!H17/'Billing & Collection'!H9 -> 11.187928 | I49: ='Billing & Collection'!I17/'Billing & Collection'!I9 -> 11.218979 | ... M49: ='Billing & Collection'!M17/'Billing & Collection'!M9 -> 11.447574 | N49: =(SUM(B49:M49)/12) -> 11.056763 | O49: ='Billing & Collection'!O17/'Billing & Collection'!O9 -> 11.235318 | P49: ='Billing & Collection'!P17/'Billing & Collection'!P9 -> 11.404 | Q49: ='Billing & Collection'!Q17/'Billing & Collection'!Q9 -> 11.50424 | R49: ='Billing & Collection'!R17/'Billing & Collection'!R9 -> 11.508628 | S49: ='Billing & Collection'!S17/'Billing & Collection'!S9 -> 12.110864 | T49: ='Billing & Collection'!T17/'Billing & Collection'!T9 -> 11.868686 | U49: ='Billing & Collection'!U17/'Billing & Collection'!U9 -> 12.007345 | V49: ='Billing & Collection'!V17/'Billing & Collection'!V9 -> 11.60184 | ... Z49: ='Billing & Collection'!Z17/'Billing & Collection'!Z9 -> 11.993269 | AA49: =SUM(O49:Z49)/12 -> 11.736597 | AB49: ='Billing & Collection'!AB17/'Billing & Collection'!AB9 -> 13.740997 | AC49: ='Billing & Collection'!AC17/'Billing & Collection'!AC9 -> 13.965737 | AD49: ='Billing & Collection'!AD17/'Billing & Collection'!AD9 -> 13.96169 | AE49: =SUM(AB49:AD49)/3 -> 13.889475
A51: AGE OF ARREARS (MONTH)
B52: 45292 | C52: 45323 | D52: 45352 | E52: 45383 | F52: 45413 | G52: 45444 | H52: 45474 | I52: 45505 | J52: 45536 | K52: 45566 | L52: 45597 | M52: 45627 | N52: 2024 Total | O52: 45658 | P52: 45689 | Q52: 45717 | R52: 45748 | S52: 45778 | T52: 45809 | U52: 45839 | V52: 45870 | W52: 45901 | X52: 45931 | Y52: 45962 | Z52: 45992 | AA52: 2025 Total | AB52: 46023 | AC52: 46054 | AD52: 46082 | AE52: 2026 Q1 Total
A53: ACCRA NORTHEAST | B53: =B37/B13 -> 8.7649711 | C53: =C37/C13 -> 9.2326416 | D53: =D37/D13 -> 9.6921769 | E53: =E37/E13 -> 5.3913276 | F53: =F37/F13 -> 6.0540263 | G53: =G37/G13 -> 5.9242163 | H53: =H37/H13 -> 5.7810719 | I53: =I37/I13 -> 5.6043086 | ... M53: =M37/M13 -> 5.8851464 | N53: =SUM(B53:M53)/12 -> 6.6026544 | O53: =O37/O13 -> 5.427283 | P53: =P37/P13 -> 6.0283949 | Q53: =Q37/Q13 -> 5.87036 | R53: =R37/R13 -> 6.3200402 | S53: =S37/S13 -> 6.1429539 | T53: =T37/T13 -> 6.1680317 | U53: =U37/U13 -> 7.3564215 | V53: =V37/V13 -> 6.8593114 | ... Z53: =Z37/Z13 -> 6.8715516 | AA53: =SUM(O53:Z53)/12 -> 6.3402883 | AB53: =AB37/AB13 -> 5.6814255 | AC53: =AC37/AC13 -> 6.2327289 | AD53: =AD37/AD13 -> 6.2527924 | AE53: =SUM(AA53:AD53)/3 -> 8.1690784
A54: ADENTA | B54: =B38/B14 -> 4.2940969 | C54: =C38/C14 -> 7.2146904 | D54: =D38/D14 -> 7.1412774 | E54: =E38/E14 -> 6.8206766 | F54: =F38/F14 -> 7.4536565 | G54: =G38/G14 -> 6.9924318 | H54: =H38/H14 -> 7.2335506 | I54: =I38/I14 -> 6.5290137 | ... M54: =M38/M14 -> 6.4091345 | N54: =SUM(B54:M54)/12 -> 6.5282721 | O54: =O38/O14 -> 5.015847 | P54: =P38/P14 -> 5.7924117 | Q54: =Q38/Q14 -> 5.860741 | R54: =R38/R14 -> 6.2043034 | S54: =S38/S14 -> 5.5772527 | T54: =T38/T14 -> 6.1199886 | U54: =U38/U14 -> 7.4358479 | V54: =V38/V14 -> 5.6101629 | ... Z54: =Z38/Z14 -> 5.8761366 | AA54: =SUM(O54:Z54)/12 -> 5.8662201 | AB54: =AB38/AB14 -> 4.098012 | AC54: =AC38/AC14 -> 5.1219033 | AD54: =AD38/AD14 -> 5.0756557 | AE54: =SUM(AA54:AD54)/3 -> 6.7205971
A55: DODOWA | B55: =B39/B15 -> 5.0343239 | C55: =C39/C15 -> 4.6707557 | D55: =D39/D15 -> 5.164377 | E55: =E39/E15 -> 4.5029675 | F55: =F39/F15 -> 4.5214621 | G55: =G39/G15 -> 4.8271135 | H55: =H39/H15 -> 4.8452081 | I55: =I39/I15 -> 4.658009 | ... M55: =M39/M15 -> 4.6682787 | N55: =SUM(B55:M55)/12 -> 4.6890782 | O55: =O39/O15 -> 4.0398282 | P55: =P39/P15 -> 4.5510729 | Q55: =Q39/Q15 -> 4.1657381 | R55: =R39/R15 -> 4.5695288 | S55: =S39/S15 -> 3.9733869 | T55: =T39/T15 -> 4.5482201 | U55: =U39/U15 -> 5.758093 | V55: =V39/V15 -> 5.2650439 | ... Z55: =Z39/Z15 -> 4.5628285 | AA55: =SUM(O55:Z55)/12 -> 4.5778153 | AB55: =AB39/AB15 -> 3.7180052 | AC55: =AC39/AC15 -> 4.0448155 | AD55: =AD39/AD15 -> 4.4789507 | AE55: =SUM(AA55:AD55)/3 -> 5.6065289
A56: AGBOGBA | B56: =B40/B16 -> 8.3372957 | C56: =C40/C16 -> 8.7782217 | D56: =D40/D16 -> 9.870724 | E56: =E40/E16 -> 6.6484385 | F56: =F40/F16 -> 5.1381648 | G56: =G40/G16 -> 6.8782663 | H56: =H40/H16 -> 6.9429495 | I56: =I40/I16 -> 6.5991272 | ... M56: =M40/M16 -> 7.4103109 | N56: =SUM(B56:M56)/12 -> 7.2515373 | O56: =O40/O16 -> 6.2426603 | P56: =P40/P16 -> 7.037282 | Q56: =Q40/Q16 -> 7.3297527 | R56: =R40/R16 -> 7.5584429 | S56: =S40/S16 -> 7.243438 | T56: =T40/T16 -> 6.9569163 | U56: =U40/U16 -> 8.5527947 | V56: =V40/V16 -> 6.9994199 | ... Z56: =Z40/Z16 -> 7.0962104 | AA56: =SUM(O56:Z56)/12 -> 7.1621215 | AB56: =AB40/AB16 -> 5.7038507 | AC56: =AC40/AC16 -> 6.2385008 | AD56: =AD40/AD16 -> 6.2134883 | AE56: =SUM(AA56:AD56)/3 -> 8.4393204
A57: TOTAL | B57: =(SUM(B53:B56)/4) -> 6.6076719 | C57: =(SUM(C53:C56)/4) -> 7.4740773 | D57: =(SUM(D53:D56)/4) -> 7.9671388 | E57: =(SUM(E53:E56)/4) -> 5.8408525 | F57: =(SUM(F53:F56)/4) -> 5.7918274 | G57: =(SUM(G53:G56)/4) -> 6.155507 | H57: =(SUM(H53:H56)/4) -> 6.200695 | I57: =(SUM(I53:I56)/4) -> 5.8476146 | ... M57: =(SUM(M53:M56)/4) -> 6.0932176 | N57: =SUM(B57:M57)/12 -> 6.2678855 | O57: =(SUM(O53:O56)/4) -> 5.1814046 | P57: =(SUM(P53:P56)/4) -> 5.8522904 | Q57: =(SUM(Q53:Q56)/4) -> 5.8066479 | R57: =(SUM(R53:R56)/4) -> 6.1630788 | S57: =(SUM(S53:S56)/4) -> 5.7342579 | T57: =(SUM(T53:T56)/4) -> 5.9482892 | U57: =(SUM(U53:U56)/4) -> 7.2757893 | V57: =(SUM(V53:V56)/4) -> 6.1834845 | ... Z57: =(SUM(Z53:Z56)/4) -> 6.1016818 | AA57: =SUM(O57:Z57)/12 -> 5.9866113 | AB57: =(SUM(AB53:AB56)/4) -> 4.8003234 | AC57: =(SUM(AC53:AC56)/4) -> 5.4094871 | AD57: =(SUM(AD53:AD56)/4) -> 5.5052218 | AE57: =SUM(AA57:AD57)/3 -> 7.2338812
A59: AGE OF ARREARS EFFICIENCY
B60: 45292 | C60: 45323 | D60: 45352 | E60: 45383 | F60: 45413 | G60: 45444 | H60: 45474 | I60: 45505 | J60: 45536 | K60: 45566 | L60: 45597 | M60: 45627 | N60: 2024 Total | O60: 45658 | P60: 45689 | Q60: 45717 | R60: 45748 | S60: 45778 | T60: 45809 | U60: 45839 | V60: 45870 | W60: 45901 | X60: 45931 | Y60: 45962 | Z60: 45992 | AA60: 2025 Total | AB60: 46023 | AC60: 46054 | AD60: 46082 | AE60: 2026 Q1 Total
A61: ACCRA NORTHEAST | B61: =(3/B53) -> 0.34227152 | C61: =(3/C53) -> 0.32493409 | D61: =(3/D53) -> 0.30952799 | E61: =(3/E53) -> 0.55644922 | F61: =(3/F53) -> 0.49553798 | G61: =(3/G53) -> 0.50639609 | H61: =(3/H53) -> 0.51893491 | I61: =(3/I53) -> 0.53530243 | ... M61: =(3/M53) -> 0.50975792 | N61: =SUM(B61:M61)/12 -> 0.47508138 | O61: =(3/O53) -> 0.55276277 | P61: =(3/P53) -> 0.4976449 | Q61: =(3/Q53) -> 0.51104192 | R61: =(3/R53) -> 0.47468053 | S61: =(3/S53) -> 0.4883644 | T61: =(3/T53) -> 0.48637882 | U61: =(3/U53) -> 0.40780697 | V61: =(3/V53) -> 0.43736169 | ... Z61: =(3/Z53) -> 0.43658262 | AA61: =SUM(O61:Z61)/12 -> 0.47590244 | AB61: =(3/AB53) -> 0.5280365 | AC61: =(3/AC53) -> 0.4813301 | AD61: =(3/AD53) -> 0.47978564 | AE61: =SUM(AA61:AD61)/3 -> 0.65501822
A62: ADENTA | B62: =(3/B54) -> 0.69863352 | C62: =(3/C54) -> 0.41581826 | D62: =(3/D54) -> 0.42009291 | E62: =(3/E54) -> 0.43983906 | F62: =(3/F54) -> 0.40248702 | G62: =(3/G54) -> 0.42903529 | H62: =(3/H54) -> 0.41473409 | I62: =(3/I54) -> 0.45948747 | ... M62: =(3/M54) -> 0.46808192 | N62: =SUM(B62:M62)/12 -> 0.47005869 | O62: =(3/O54) -> 0.59810437 | P62: =(3/P54) -> 0.51791899 | Q62: =(3/Q54) -> 0.51188067 | R62: =(3/R54) -> 0.48353535 | S62: =(3/S54) -> 0.53789924 | T62: =(3/T54) -> 0.49019699 | U62: =(3/U54) -> 0.40345097 | V62: =(3/V54) -> 0.53474383 | ... Z62: =(3/Z54) -> 0.51053953 | AA62: =SUM(O62:Z62)/12 -> 0.51585444 | AB62: =(3/AB54) -> 0.73206227 | AC62: =(3/AC54) -> 0.58571976 | AD62: =(3/AD54) -> 0.59105664 | AE62: =SUM(AA62:AD62)/3 -> 0.80823104
A63: DODOWA | B63: =(3/B55) -> 0.59590922 | C63: =(3/C55) -> 0.64229435 | D63: =(3/D55) -> 0.5809026 | E63: =(3/E55) -> 0.66622733 | F63: =(3/F55) -> 0.66350219 | G63: =(3/G55) -> 0.62148943 | H63: =(3/H55) -> 0.61916845 | I63: =(3/I55) -> 0.64405199 | ... M63: =(3/M55) -> 0.64263515 | N63: =SUM(B63:M63)/12 -> 0.64129568 | O63: =(3/O55) -> 0.74260584 | P63: =(3/P55) -> 0.65918522 | Q63: =(3/Q55) -> 0.72016049 | R63: =(3/R55) -> 0.65652283 | S63: =(3/S55) -> 0.75502337 | T63: =(3/T55) -> 0.65959868 | U63: =(3/U55) -> 0.52100582 | V63: =(3/V55) -> 0.56979582 | ... Z63: =(3/Z55) -> 0.6574869 | AA63: =SUM(O63:Z63)/12 -> 0.66211058 | AB63: =(3/AB55) -> 0.80688429 | AC63: =(3/AC55) -> 0.7416902 | AD63: =(3/AD55) -> 0.66979973 | AE63: =SUM(AA63:AD63)/3 -> 0.9601616
A64: AGBOGBA | B64: =(3/B56) -> 0.35982891 | C64: =(3/C56) -> 0.34175487 | D64: =(3/D56) -> 0.30392907 | E64: =(3/E56) -> 0.45123378 | F64: =(3/F56) -> 0.58386605 | G64: =(3/G56) -> 0.43615642 | H64: =(3/H56) -> 0.43209302 | I64: =(3/I56) -> 0.45460557 | ... M64: =(3/M56) -> 0.40484131 | N64: =SUM(B64:M64)/12 -> 0.42429908 | O64: =(3/O56) -> 0.48056435 | P64: =(3/P56) -> 0.42630095 | Q64: =(3/Q56) -> 0.40929075 | R64: =(3/R56) -> 0.39690715 | S64: =(3/S56) -> 0.41416797 | T64: =(3/T56) -> 0.43122554 | U64: =(3/U56) -> 0.35076254 | V64: =(3/V56) -> 0.42860695 | ... Z64: =(3/Z56) -> 0.42276086 | AA64: =SUM(O64:Z64)/12 -> 0.42090594 | AB64: =(3/AB56) -> 0.52596047 | AC64: =(3/AC56) -> 0.48088477 | AD64: =(3/AD56) -> 0.48282057 | AE64: =SUM(AA64:AD64)/3 -> 0.63685725
A65: TOTAL | B65: =(SUM(B61:B64)/4) -> 0.49916079 | C65: =(SUM(C61:C64)/4) -> 0.43120039 | D65: =(SUM(D61:D64)/4) -> 0.40361314 | E65: =(SUM(E61:E64)/4) -> 0.52843735 | F65: =(SUM(F61:F64)/4) -> 0.53634831 | G65: =(SUM(G61:G64)/4) -> 0.49826931 | H65: =(SUM(H61:H64)/4) -> 0.49623262 | I65: =(SUM(I61:I64)/4) -> 0.52336187 | ... M65: =(SUM(M61:M64)/4) -> 0.50632908 | N65: =SUM(B65:M65)/12 -> 0.50268371 | O65: =(SUM(O61:O64)/4) -> 0.59350933 | P65: =(SUM(P61:P64)/4) -> 0.52526252 | Q65: =(SUM(Q61:Q64)/4) -> 0.53809346 | R65: =(SUM(R61:R64)/4) -> 0.50291146 | S65: =(SUM(S61:S64)/4) -> 0.54886375 | T65: =(SUM(T61:T64)/4) -> 0.51685001 | U65: =(SUM(U61:U64)/4) -> 0.42075658 | V65: =(SUM(V61:V64)/4) -> 0.49262707 | ... Z65: =(SUM(Z61:Z64)/4) -> 0.50684248 | AA65: =SUM(O65:Z65)/12 -> 0.51869335 | AB65: =(SUM(AB61:AB64)/4) -> 0.64823588 | AC65: =(SUM(AC61:AC64)/4) -> 0.57240621 | AD65: =(SUM(AD61:AD64)/4) -> 0.55586565 | AE65: =SUM(AA65:AD65)/3 -> 0.76506703

Sheet NRW
A2: SIV (m3)
B3: 45292 | C3: 45323 | D3: 45352 | E3: 45383 | F3: 45413 | G3: 45444 | H3: 45474 | I3: 45505 | J3: 45536 | K3: 45566 | L3: 45597 | M3: 45627 | N3: 2024 Total | O3: 45658 | P3: 45689 | Q3: 45717 | R3: 45748 | S3: 45778 | T3: 45809 | U3: 45839 | V3: 45870 | W3: 45901 | X3: 45931 | Y3: 45962 | Z3: 45992 | AA3: 2025 Total | AB3: 46023 | AC3: 46054 | AD3: 46082 | AE3: 2026 Q1 Total
A4: ACCRA NORTHEAST | B4: 735360.56 | C4: 713171.14 | D4: 766720.57 | E4: 744113.04 | F4: 717232.72 | G4: 714849.96 | H4: 782108.47 | I4: 699968.07 | J4: 767588.69 | K4: 813656.25 | L4: 781340.16 | M4: 801327.68 | N4: =SUM(B4:M4) -> 9037437.3 | O4: 759362.77 | P4: 763809.97 | Q4: 839256.28 | R4: 791468.62 | S4: 759241.72 | T4: 776005.69 | U4: 618236.04 | V4: 801182.35 | W4: 728611.64 | X4: 682861.5 | Y4: 731831 | Z4: 736509.04 | AA4: =SUM(O4:Z4) -> 8988376.6 | AB4: 756794.79 | AC4: 656825.08 | AD4: 771920.69 | AE4: =SUM(AB4:AD4) -> 2185540.6
A5: ADENTA | B5: 488012.01 | C5: 473286.3 | D5: 508823.65 | E5: 493820.47 | F5: 475981.72 | G5: 474400.43 | H5: 519035.62 | I5: 464524.26 | J5: 509399.76 | K5: 539971.88 | L5: 518525.74 | M5: 531790.19 | N5: =SUM(B5:M5) -> 5997572 | O5: 523940.75 | P5: 506892.07 | Q5: 556960.99 | R5: 525247.35 | S5: 503860.42 | T5: 514985.6 | U5: 410283.92 | V5: 531693.74 | W5: 531057.38 | X5: 516953.03 | Y5: 514376 | Z5: 523011.07 | AA5: =SUM(O5:Z5) -> 6159262.3 | AB5: 538139.72 | AC5: 460812.28 | AD5: 546073.45 | AE5: =SUM(AB5:AD5) -> 1545025.5
A6: DODOWA | B6: 267403.84 | C6: 259334.96 | D6: 278807.48 | E6: 270586.56 | F6: 260811.9 | G6: 259945.44 | H6: 284403.08 | I6: 254533.84 | J6: 279123.16 | K6: 295875 | L6: 284123.69 | M6: 291391.88 | N6: =SUM(B6:M6) -> 3286340.8 | O6: 276131.92 | P6: 277749.08 | Q6: 305184.1 | R6: 287806.77 | S6: 276087.9 | T6: 282183.89 | U6: 224813.11 | V6: 291339.04 | W6: 284675.63 | X6: 264133.63 | Y6: 262779 | Z6: 295614.99 | AA6: =SUM(O6:Z6) -> 3328499 | AB6: 304492.6 | AC6: 258915.04 | AD6: 308650.21 | AE6: =SUM(AB6:AD6) -> 872057.85
A7: AGBOGBA | B7: 314199.51 | C7: 316194 | D7: 327598.79 | E7: 317939.21 | F7: 306453.98 | G7: 305435.89 | H7: 334173.62 | I7: 299077.27 | J7: 327969.71 | K7: 347653.13 | L7: 333845.34 | M7: 342385.46 | N7: =SUM(B7:M7) -> 3872925.9 | O7: 398455 | P7: 326355.17 | Q7: 358591.32 | R7: 338172.95 | S7: 324403.28 | T7: 331566.07 | U7: 304155.4 | V7: 342323.37 | W7: 383228.33 | X7: 365261.39 | Y7: 363418 | Z7: 369518.63 | AA7: =SUM(O7:Z7) -> 4205448.9 | AB7: 380427.91 | AC7: 324531.65 | AD7: 385812.77 | AE7: =SUM(AB7:AD7) -> 1090772.3
A8: TOTAL | B8: =SUM(B4:B7) -> 1804975.9 | C8: =SUM(C4:C7) -> 1761986.4 | D8: =SUM(D4:D7) -> 1881950.5 | E8: =SUM(E4:E7) -> 1826459.3 | F8: =SUM(F4:F7) -> 1760480.3 | G8: =SUM(G4:G7) -> 1754631.7 | H8: =SUM(H4:H7) -> 1919720.8 | I8: =SUM(I4:I7) -> 1718103.4 | ... M8: =SUM(M4:M7) -> 1966895.2 | N8: =SUM(B8:M8) -> 22194276 | O8: =SUM(O4:O7) -> 1957890.4 | P8: =SUM(P4:P7) -> 1874806.3 | Q8: =SUM(Q4:Q7) -> 2059992.7 | R8: =SUM(R4:R7) -> 1942695.7 | S8: =SUM(S4:S7) -> 1863593.3 | T8: =SUM(T4:T7) -> 1904741.2 | U8: =SUM(U4:U7) -> 1557488.5 | V8: =SUM(V4:V7) -> 1966538.5 | ... Z8: =SUM(Z4:Z7) -> 1924653.7 | AA8: =SUM(O8:Z8) -> 22681587 | AB8: =SUM(AB4:AB7) -> 1979855 | AC8: =SUM(AC4:AC7) -> 1701084.1 | AD8: =SUM(AD4:AD7) -> 2012457.1 | AE8: =SUM(AB8:AD8) -> 5693396.2
A10: TOTAL SALES(m3)
B11: 45292 | C11: 45323 | D11: 45352 | E11: 45383 | F11: 45413 | G11: 45444 | H11: 45474 | I11: 45505 | J11: 45536 | K11: 45566 | L11: 45597 | M11: 45627 | N11: 2024 Total | O11: 45658 | P11: 45689 | Q11: 45717 | R11: 45748 | S11: 45778 | T11: 45809 | U11: 45839 | V11: 45870 | W11: 45901 | X11: 45931 | Y11: 45962 | Z11: 45992 | AA11: 2025 Total | AB11: 46023 | AC11: 46054 | AD11: 46082 | AE11: 2026 Q1 Total
A12: ACCRA NORTHEAST | B12: 412173 | C12: 398334 | D12: 381159 | E12: 415800 | F12: 367747 | G12: 382986 | H12: 374590 | I12: 392853 | J12: 368950 | K12: 401314 | L12: 388369 | M12: 376002 | N12: =SUM(B12:M12) -> 4660277 | O12: 425186 | P12: 379817 | Q12: 409323 | R12: 381930 | S12: 385465 | T12: 397448 | U12: 326771 | V12: 357605 | W12: 397302.87 | X12: 396867 | Y12: 417772 | Z12: 388056 | AA12: =SUM(O12:Z12) -> 4663542.9 | AB12: 425326 | AC12: 392393 | AD12: 389624 | AE12: =SUM(AB12:AD12) -> 1207343
A13: ADENTA | B13: 352291 | C13: 270020 | D13: 280064 | E13: 282893 | F13: 255040 | G13: 272062 | H13: 246715 | I13: 277318 | J13: 256719 | K13: 257341 | L13: 299957 | M13: 249730 | N13: =SUM(B13:M13) -> 3300150 | O13: 337351 | P13: 292503 | Q13: 289603 | R13: 272703 | S13: 298376 | T13: 279813 | U13: 221569 | V13: 300432 | W13: 275556 | X13: 321512 | Y13: 305633 | Z13: 283807 | AA13: =SUM(O13:Z13) -> 3478858 | AB13: 385085 | AC13: 309683 | AD13: 307220 | AE13: =SUM(AB13:AD13) -> 1001988
A14: DODOWA | B14: 132357 | C14: 138760 | D14: 136080 | E14: 142684 | F14: 140465 | G14: 130980 | H14: 121991 | I14: 124574 | J14: 137112 | K14: 135270 | L14: 149186 | M14: 133357 | N14: =SUM(B14:M14) -> 1622816 | O14: 169549 | P14: 151520 | Q14: 157163 | R14: 148910 | S14: 161638 | T14: 152229 | U14: 106188 | V14: 140013 | W14: 140647 | X14: 164273 | Y14: 159223 | Z14: 152725 | AA14: =SUM(O14:Z14) -> 1804078 | AB14: 179351 | AC14: 161662 | AD14: 151594 | AE14: =SUM(AB14:AD14) -> 492607
A15: AGBOGBA | B15: 208009 | C15: 199030 | D15: 179802 | E15: 198138 | F15: 255142 | G15: 206259 | H15: 196494 | I15: 207708 | J15: 191859 | K15: 197266 | L15: 206389 | M15: 188805 | N15: =SUM(B15:M15) -> 2434901 | O15: 232664 | P15: 207604 | Q15: 202680 | R15: 198094 | S15: 202187 | T15: 212135 | U15: 169770 | V15: 208316 | W15: 203169 | X15: 204949 | Y15: 209379 | Z15: 197108 | AA15: =SUM(O15:Z15) -> 2448055 | AB15: 223020 | AC15: 205740 | AD15: 205755 | AE15: =SUM(AB15:AD15) -> 634515
A16: TOTAL | B16: =SUM(B12:B15) -> 1104830 | C16: =SUM(C12:C15) -> 1006144 | D16: =SUM(D12:D15) -> 977105 | E16: =SUM(E12:E15) -> 1039515 | F16: =SUM(F12:F15) -> 1018394 | G16: =SUM(G12:G15) -> 992287 | H16: =SUM(H12:H15) -> 939790 | I16: =SUM(I12:I15) -> 1002453 | ... M16: =SUM(M12:M15) -> 947894 | N16: =SUM(B16:M16) -> 12018144 | O16: =SUM(O12:O15) -> 1164750 | P16: =SUM(P12:P15) -> 1031444 | Q16: =SUM(Q12:Q15) -> 1058769 | R16: =SUM(R12:R15) -> 1001637 | S16: =SUM(S12:S15) -> 1047666 | T16: =SUM(T12:T15) -> 1041625 | U16: =SUM(U12:U15) -> 824298 | V16: =SUM(V12:V15) -> 1006366 | ... Z16: =SUM(Z12:Z15) -> 1021696 | AA16: =SUM(O16:Z16) -> 12394534 | AB16: =SUM(AB12:AB15) -> 1212782 | AC16: =SUM(AC12:AC15) -> 1069478 | AD16: =SUM(AD12:AD15) -> 1054193 | AE16: =SUM(AB16:AD16) -> 3336453
A18: NRW (m3)
B19: 45292 | C19: 45323 | D19: 45352 | E19: 45383 | F19: 45413 | G19: 45444 | H19: 45474 | I19: 45505 | J19: 45536 | K19: 45566 | L19: 45597 | M19: 45627 | N19: 2024 Total | O19: 45658 | P19: 45689 | Q19: 45717 | R19: 45748 | S19: 45778 | T19: 45809 | U19: 45839 | V19: 45870 | W19: 45901 | X19: 45931 | Y19: 45962 | Z19: 45992 | AA19: 2025 Total | AB19: 46023 | AC19: 46054 | AD19: 46082 | AE19: 2026 Q1 Total
A20: ACCRA NORTHEAST | B20: =B4-B12 -> 323187.56 | C20: =C4-C12 -> 314837.14 | D20: =D4-D12 -> 385561.57 | E20: =E4-E12 -> 328313.04 | F20: =F4-F12 -> 349485.72 | G20: =G4-G12 -> 331863.96 | H20: =H4-H12 -> 407518.47 | I20: =I4-I12 -> 307115.07 | ... M20: =M4-M12 -> 425325.68 | N20: =SUM(B20:M20) -> 4377160.3 | O20: =O4-O12 -> 334176.77 | P20: =P4-P12 -> 383992.97 | Q20: =Q4-Q12 -> 429933.28 | R20: =R4-R12 -> 409538.62 | S20: =S4-S12 -> 373776.72 | T20: =T4-T12 -> 378557.69 | U20: =U4-U12 -> 291465.04 | V20: =V4-V12 -> 443577.35 | ... Z20: =Z4-Z12 -> 348453.04 | AA20: =SUM(O20:Z20) -> 4324833.8 | AB20: =AB4-AB12 -> 331468.79 | AC20: =AC4-AC12 -> 264432.08 | AD20: =AD4-AD12 -> 382296.69 | AE20: =SUM(AB20:AD20) -> 978197.56
A21: ADENTA | B21: =B5-B13 -> 135721.01 | C21: =C5-C13 -> 203266.3 | D21: =D5-D13 -> 228759.65 | E21: =E5-E13 -> 210927.47 | F21: =F5-F13 -> 220941.72 | G21: =G5-G13 -> 202338.43 | H21: =H5-H13 -> 272320.62 | I21: =I5-I13 -> 187206.26 | ... M21: =M5-M13 -> 282060.19 | N21: =SUM(B21:M21) -> 2697422 | O21: =O5-O13 -> 186589.75 | P21: =P5-P13 -> 214389.07 | Q21: =Q5-Q13 -> 267357.99 | R21: =R5-R13 -> 252544.35 | S21: =S5-S13 -> 205484.42 | T21: =T5-T13 -> 235172.6 | U21: =U5-U13 -> 188714.92 | V21: =V5-V13 -> 231261.74 | ... Z21: =Z5-Z13 -> 239204.07 | AA21: =SUM(O21:Z21) -> 2680404.3 | AB21: =AB5-AB13 -> 153054.72 | AC21: =AC5-AC13 -> 151129.28 | AD21: =AD5-AD13 -> 238853.45 | AE21: =SUM(AB21:AD21) -> 543037.45
A22: DODOWA | B22: =B6-B14 -> 135046.84 | C22: =C6-C14 -> 120574.96 | D22: =D6-D14 -> 142727.48 | E22: =E6-E14 -> 127902.56 | F22: =F6-F14 -> 120346.9 | G22: =G6-G14 -> 128965.44 | H22: =H6-H14 -> 162412.08 | I22: =I6-I14 -> 129959.84 | ... M22: =M6-M14 -> 158034.88 | N22: =SUM(B22:M22) -> 1663524.8 | O22: =O6-O14 -> 106582.92 | P22: =P6-P14 -> 126229.08 | Q22: =Q6-Q14 -> 148021.1 | R22: =R6-R14 -> 138896.77 | S22: =S6-S14 -> 114449.9 | T22: =T6-T14 -> 129954.89 | U22: =U6-U14 -> 118625.11 | V22: =V6-V14 -> 151326.04 | ... Z22: =Z6-Z14 -> 142889.99 | AA22: =SUM(O22:Z22) -> 1524421 | AB22: =AB6-AB14 -> 125141.6 | AC22: =AC6-AC14 -> 97253.044 | AD22: =AD6-AD14 -> 157056.21 | AE22: =SUM(AB22:AD22) -> 379450.85
A23: AGBOGBA | B23: =B7-B15 -> 106190.51 | C23: =C7-C15 -> 117164 | D23: =D7-D15 -> 147796.79 | E23: =E7-E15 -> 119801.21 | F23: =F7-F15 -> 51311.982 | G23: =G7-G15 -> 99176.892 | H23: =H7-H15 -> 137679.62 | I23: =I7-I15 -> 91369.266 | ... M23: =M7-M15 -> 153580.46 | N23: =SUM(B23:M23) -> 1438024.9 | O23: =O7-O15 -> 165791 | P23: =P7-P15 -> 118751.17 | Q23: =Q7-Q15 -> 155911.32 | R23: =R7-R15 -> 140078.95 | S23: =S7-S15 -> 122216.28 | T23: =T7-T15 -> 119431.07 | U23: =U7-U15 -> 134385.4 | V23: =V7-V15 -> 134007.37 | ... Z23: =Z7-Z15 -> 172410.63 | AA23: =SUM(O23:Z23) -> 1757393.9 | AB23: =AB7-AB15 -> 157407.91 | AC23: =AC7-AC15 -> 118791.65 | AD23: =AD7-AD15 -> 180057.77 | AE23: =SUM(AB23:AD23) -> 456257.32
A24: TOTAL | B24: =B8-B16 -> 700145.92 | C24: =C8-C16 -> 755842.4 | D24: =D8-D16 -> 904845.49 | E24: =E8-E16 -> 786944.28 | F24: =F8-F16 -> 742086.32 | G24: =G8-G16 -> 762344.72 | H24: =H8-H16 -> 979930.79 | I24: =I8-I16 -> 715650.44 | ... M24: =M8-M16 -> 1019001.2 | N24: =SUM(B24:M24) -> 10176132 | O24: =O8-O16 -> 793140.44 | P24: =P8-P16 -> 843362.29 | Q24: =Q8-Q16 -> 1001223.7 | R24: =R8-R16 -> 941058.69 | S24: =S8-S16 -> 815927.32 | T24: =T8-T16 -> 863116.25 | U24: =U8-U16 -> 733190.46 | V24: =V8-V16 -> 960172.49 | ... Z24: =Z8-Z16 -> 902957.72 | AA24: =SUM(O24:Z24) -> 10287053 | AB24: =AB8-AB16 -> 767073.01 | AC24: =AC8-AC16 -> 631606.06 | AD24: =AD8-AD16 -> 958264.12 | AE24: =SUM(AB24:AD24) -> 2356943.2
A26: NRW (%)
B27: 45292 | C27: 45323 | D27: 45352 | E27: 45383 | F27: 45413 | G27: 45444 | H27: 45474 | I27: 45505 | J27: 45536 | K27: 45566 | L27: 45597 | M27: 45627 | N27: 2024 DISTRICT AVERAGE | O27: 45658 | P27: 45689 | Q27: 45717 | R27: 45748 | S27: 45778 | T27: 45809 | U27: 45839 | V27: 45870 | W27: 45901 | X27: 45931 | Y27: 45962 | Z27: 45992 | AA27: 2025 DISTRICT AVERAGE | AB27: 46023 | AC27: 46054 | AD27: 46082 | AE27: 2026 Q1 DISTRICT AVERAGE
A28: ACCRA NORTHEAST | B28: =(B20/B4) -> 0.43949537 | C28: =(C20/C4) -> 0.44146085 | D28: =(D20/D4) -> 0.50287104 | E28: =(E20/E4) -> 0.44121393 | F28: =(F20/F4) -> 0.48726963 | G28: =(G20/G4) -> 0.46424282 | H28: =(H20/H4) -> 0.52105109 | I28: =(I20/I4) -> 0.43875583 | ... M28: =(M20/M4) -> 0.53077623 | N28: =SUM(B28:M28)/12 -> 0.48301648 | O28: =(O20/O4) -> 0.44007526 | P28: =(P20/P4) -> 0.50273364 | Q28: =(Q20/Q4) -> 0.5122789 | R28: =(R20/R4) -> 0.51744138 | S28: =(S20/S4) -> 0.49230267 | T28: =(T20/T4) -> 0.4878285 | U28: =(U20/U4) -> 0.47144621 | V28: =(V20/V4) -> 0.55365342 | ... Z28: =(Z20/Z4) -> 0.47311441 | AA28: =SUM(O28:Z28)/12 -> 0.47946216 | AB28: =(AB20/AB4) -> 0.43799032 | AC28: =(AC20/AC4) -> 0.40259133 | AD28: =(AD20/AD4) -> 0.49525384 | AE28: =SUM(AB28:AD28)/3 -> 0.4452785
A29: ADENTA | B29: =(B21/B5) -> 0.27810998 | C29: =(C21/C5) -> 0.42947852 | D29: =(D21/D5) -> 0.44958533 | E29: =(E21/E5) -> 0.42713392 | F29: =(F21/F5) -> 0.4641811 | G29: =(G21/G5) -> 0.42651401 | H29: =(H21/H5) -> 0.52466654 | I29: =(I21/I5) -> 0.40300643 | ... M29: =(M21/M5) -> 0.5303975 | N29: =SUM(B29:M29)/12 -> 0.44783724 | O29: =(O21/O5) -> 0.35612758 | P29: =(P21/P5) -> 0.42294816 | Q29: =(Q21/Q5) -> 0.48003001 | R29: =(R21/R5) -> 0.48081033 | S29: =(S21/S5) -> 0.40782012 | T29: =(T21/T5) -> 0.45665859 | U29: =(U21/U5) -> 0.45996177 | V29: =(V21/V5) -> 0.43495291 | ... Z29: =(Z21/Z5) -> 0.45735947 | AA29: =SUM(O29:Z29)/12 -> 0.43513904 | AB29: =(AB21/AB5) -> 0.28441446 | AC29: =(AC21/AC5) -> 0.32796279 | AD29: =(AD21/AD5) -> 0.43740169 | AE29: =SUM(AB29:AD29)/3 -> 0.34992631
A30: DODOWA | B30: =(B22/B6) -> 0.50502955 | C30: =(C22/C6) -> 0.46493909 | D30: =(D22/D6) -> 0.51192127 | E30: =(E22/E6) -> 0.4726863 | F30: =(F22/F6) -> 0.46143178 | G30: =(G22/G6) -> 0.49612503 | H30: =(H22/H6) -> 0.57106301 | I30: =(I22/I6) -> 0.51057982 | ... M30: =(M22/M6) -> 0.54234484 | N30: =SUM(B30:M30)/12 -> 0.50521969 | O30: =(O22/O6) -> 0.3859855 | P30: =(P22/P6) -> 0.45447164 | Q30: =(Q22/Q6) -> 0.48502233 | R30: =(R22/R6) -> 0.48260425 | S30: =(S22/S6) -> 0.41454153 | T30: =(T22/T6) -> 0.46053263 | U30: =(U22/U6) -> 0.52766099 | V30: =(V22/V6) -> 0.51941558 | ... Z30: =(Z22/Z6) -> 0.48336516 | AA30: =SUM(O30:Z30)/12 -> 0.45764065 | AB30: =(AB22/AB6) -> 0.41098403 | AC30: =(AC22/AC6) -> 0.37561759 | AD30: =(AD22/AD6) -> 0.50884855 | AE30: =SUM(AB30:AD30)/3 -> 0.43181672
A31: AGBOGBA | B31: =(B23/B7) -> 0.3379716 | C31: =(C23/C7) -> 0.37054467 | D31: =(D23/D7) -> 0.45115182 | E31: =(E23/E7) -> 0.37680539 | F31: =(F23/F7) -> 0.16743781 | G31: =(G23/G7) -> 0.32470608 | H31: =(H23/H7) -> 0.41200026 | I31: =(I23/I7) -> 0.30550388 | ... M31: =(M23/M7) -> 0.44856012 | N31: =SUM(B31:M31)/12 -> 0.36867103 | O31: =(O23/O7) -> 0.41608463 | P31: =(P23/P7) -> 0.36387096 | Q31: =(Q23/Q7) -> 0.43478833 | R31: =(R23/R7) -> 0.41422282 | S31: =(S23/S7) -> 0.37674182 | T31: =(T23/T7) -> 0.36020293 | U31: =(U23/U7) -> 0.44183138 | V31: =(V23/V7) -> 0.39146427 | ... Z31: =(Z23/Z7) -> 0.4665817 | AA31: =SUM(O31:Z31)/12 -> 0.41653309 | AB31: =(AB23/AB7) -> 0.41376541 | AC31: =(AC23/AC7) -> 0.36604026 | AD31: =(AD23/AD7) -> 0.46669727 | AE31: =SUM(AB31:AD31)/3 -> 0.41550098
A32: REGIONAL AVERAGE | B32: =SUM(B28:B31)/4 -> 0.39015162 | C32: =SUM(C28:C31)/4 -> 0.42660578 | D32: =SUM(D28:D31)/4 -> 0.47888237 | E32: =SUM(E28:E31)/4 -> 0.42945989 | F32: =SUM(F28:F31)/4 -> 0.39508008 | G32: =SUM(G28:G31)/4 -> 0.42789699 | H32: =SUM(H28:H31)/4 -> 0.50719523 | I32: =SUM(I28:I31)/4 -> 0.41446149 | ... M32: =SUM(M28:M31)/4 -> 0.51301967 | N32: =SUM(B32:M32)/12 -> 0.45118611 | O32: =SUM(O28:O31)/4 -> 0.39956824 | P32: =SUM(P28:P31)/4 -> 0.4360061 | Q32: =SUM(Q28:Q31)/4 -> 0.47802989 | R32: =SUM(R28:R31)/4 -> 0.47376969 | S32: =SUM(S28:S31)/4 -> 0.42285153 | T32: =SUM(T28:T31)/4 -> 0.44130566 | U32: =SUM(U28:U31)/4 -> 0.47522509 | V32: =SUM(V28:V31)/4 -> 0.47487155 | ... Z32: =SUM(Z28:Z31)/4 -> 0.47010519 | AA32: =SUM(O32:Z32)/12 -> 0.44719374 | AB32: =SUM(AB28:AB31)/4 -> 0.38678856 | AC32: =SUM(AC28:AC31)/4 -> 0.36805299 | AD32: =SUM(AD28:AD31)/4 -> 0.47705034 | AE32: =SUM(AB32:AD32)/3 -> 0.41063063
